jurisdiction,county_fips,place_fips,reporting_code,rate_percent,effective_from,source
Albany,36001,,0181,8.0,2022-01-01,Publication 718 (2/25)
Allegany,36003,,0221,8.5,2022-01-01,Publication 718 (2/25)
Broome,36007,,0321,8.0,2022-01-01,Publication 718 (2/25)
Cattaraugus - except,36009,,0481,8.0,2022-01-01,Publication 718 (2/25)
Olean (city),36009,54716,0441,8.0,2022-01-01,Publication 718 (2/25)
Salamanca (city),36009,64749,0431,8.0,2022-01-01,Publication 718 (2/25)
Cayuga - except,36011,,0511,8.0,2022-01-01,Publication 718 (2/25)
Auburn (city),36011,03078,0561,8.0,2022-01-01,Publication 718 (2/25)
Chautauqua,36013,,0651,8.0,2022-01-01,Publication 718 (2/25)
Chemung,36015,,0711,8.0,2022-01-01,Publication 718 (2/25)
Chenango - except,36017,,0861,8.0,2022-01-01,Publication 718 (2/25)
Norwich (city),36017,53979,0831,8.0,2022-01-01,Publication 718 (2/25)
Clinton,36019,,0921,8.0,2022-01-01,Publication 718 (2/25)
Columbia,36021,,1021,8.0,2022-01-01,Publication 718 (2/25)
Cortland,36023,,1131,8.0,2022-01-01,Publication 718 (2/25)
Delaware,36025,,1221,8.0,2022-01-01,Publication 718 (2/25)
Dutchess,36027,,1311,8.125,2022-01-01,Publication 718 (2/25)
Erie,36029,,1451,8.75,2022-01-01,Publication 718 (2/25)
Essex,36031,,1521,8.0,2022-01-01,Publication 718 (2/25)
Franklin,36033,,1621,8.0,2022-01-01,Publication 718 (2/25)
Fulton - except,36035,,1791,8.0,2022-01-01,Publication 718 (2/25)
Gloversville (city),36035,29443,1741,8.0,2022-01-01,Publication 718 (2/25)
Johnstown (city),36035,38781,1751,8.0,2022-01-01,Publication 718 (2/25)
Genesee,36037,,1811,8.0,2022-01-01,Publication 718 (2/25)
Greene,36039,,1911,8.0,2022-01-01,Publication 718 (2/25)
Hamilton,36041,,2011,8.0,2022-01-01,Publication 718 (2/25)
Herkimer,36043,,2121,8.25,2022-01-01,Publication 718 (2/25)
Jefferson,36045,,2221,8.0,2022-01-01,Publication 718 (2/25)
Lewis,36049,,2321,8.0,2022-01-01,Publication 718 (2/25)
Livingston,36051,,2411,8.0,2022-01-01,Publication 718 (2/25)
Madison - except,36053,,2511,8.0,2022-01-01,Publication 718 (2/25)
Oneida (city),36053,54837,2541,8.0,2022-01-01,Publication 718 (2/25)
Monroe,36055,,2611,8.0,2022-01-01,Publication 718 (2/25)
Montgomery,36057,,2781,8.0,2022-01-01,Publication 718 (2/25)
Nassau,36059,,2811,8.625,2022-01-01,Publication 718 (2/25)
New York City,36005,,8081,8.875,2022-01-01,Publication 718 (2/25)
New York City,36047,,8081,8.875,2022-01-01,Publication 718 (2/25)
New York City,36061,,8081,8.875,2022-01-01,Publication 718 (2/25)
New York City,36081,,8081,8.875,2022-01-01,Publication 718 (2/25)
New York City,36085,,8081,8.875,2022-01-01,Publication 718 (2/25)
Niagara,36063,,2911,8.0,2022-01-01,Publication 718 (2/25)
Oneida - except,36065,,3010,8.75,2022-01-01,Publication 718 (2/25)
Rome (city),36065,63418,3015,8.75,2022-01-01,Publication 718 (2/25)
Utica (city),36065,76540,3018,8.75,2022-01-01,Publication 718 (2/25)
Onondaga,36067,,3121,8.0,2022-01-01,Publication 718 (2/25)
Ontario,36069,,3211,7.5,2022-01-01,Publication 718 (2/25)
Orange,36071,,3321,8.125,2022-01-01,Publication 718 (2/25)
Orleans,36073,,3481,8.0,2022-01-01,Publication 718 (2/25)
Oswego - except,36075,,3501,8.0,2022-01-01,Publication 718 (2/25)
Oswego (city),36075,55574,3561,8.0,2022-01-01,Publication 718 (2/25)
Otsego,36077,,3621,8.0,2022-01-01,Publication 718 (2/25)
Putnam,36079,,3731,8.375,2022-01-01,Publication 718 (2/25)
Rensselaer,36083,,3881,8.0,2022-01-01,Publication 718 (2/25)
Rockland,36087,,3921,8.375,2022-01-01,Publication 718 (2/25)
St. Lawrence - except,36089,,4091,8.0,2022-01-01,Publication 718 (2/25)
Ogdensburg (city),36089,54485,4012,8.0,2022-01-01,Publication 718 (2/25)
Saratoga - except,36091,,4111,7.0,2022-01-01,Publication 718 (2/25)
Saratoga Springs (city),36091,65255,4131,7.0,2022-01-01,Publication 718 (2/25)
Schenectady,36093,,4241,8.0,2022-01-01,Publication 718 (2/25)
Schoharie,36095,,4321,8.0,2022-01-01,Publication 718 (2/25)
Schuyler,36097,,4411,8.0,2022-01-01,Publication 718 (2/25)
Seneca,36099,,4511,8.0,2022-01-01,Publication 718 (2/25)
Steuben,36101,,4691,8.0,2022-01-01,Publication 718 (2/25)
Suffolk,36103,,4711,8.625,2022-01-01,"Publication 718-A (12/25): Suffolk County 4 1/4% (8 5/8% with the state and MCTD rates) until 1 Mar. 2025"
Suffolk,36103,,4711,8.75,2025-03-01,Publication 718 (2/25); Publication 718-A (12/25) footnote K
Sullivan,36105,,4821,8.0,2022-01-01,Publication 718 (2/25)
Tioga,36107,,4921,8.0,2022-01-01,Publication 718 (2/25)
Tompkins - except,36109,,5081,8.0,2022-01-01,Publication 718 (2/25)
Ithaca (city),36109,38077,5021,8.0,2022-01-01,Publication 718 (2/25)
Ulster,36111,,5111,8.0,2022-01-01,Publication 718 (2/25)
Warren - except,36113,,5281,7.0,2022-01-01,Publication 718 (2/25)
Glens Falls (city),36113,29333,5211,7.0,2022-01-01,Publication 718 (2/25)
Washington,36115,,5311,7.0,2022-01-01,Publication 718 (2/25)
Wayne,36117,,5421,8.0,2022-01-01,Publication 718 (2/25)
Westchester - except,36119,,5581,8.375,2022-01-01,Publication 718 (2/25)
Mount Vernon (city),36119,49121,5521,8.375,2022-01-01,Publication 718 (2/25)
New Rochelle (city),36119,50617,6861,8.375,2022-01-01,Publication 718 (2/25)
White Plains (city),36119,81677,6513,8.375,2022-01-01,Publication 718 (2/25)
Yonkers (city),36119,84000,6511,8.875,2022-01-01,Publication 718 (2/25)
Wyoming,36121,,5621,8.0,2022-01-01,Publication 718 (2/25)
Yates,36123,,5721,8.0,2022-01-01,Publication 718 (2/25)
