county,zip_code,year,bedrooms,value
Atascosa,78002,2025,0,1010
Atascosa,78002,2025,1,1120
Atascosa,78002,2025,2,1360
Atascosa,78002,2025,3,1730
Atascosa,78002,2025,4,2030
Atascosa,78002,2025,5,2335
Atascosa,78002,2025,6,2639
Atascosa,78005,2025,0,750
Atascosa,78005,2025,1,910
Atascosa,78005,2025,2,1030
Atascosa,78005,2025,3,1310
Atascosa,78005,2025,4,1610
Atascosa,78005,2025,5,1852
Atascosa,78005,2025,6,2093
Atascosa,78008,2025,0,890
Atascosa,78008,2025,1,1040
Atascosa,78008,2025,2,1240
Atascosa,78008,2025,3,1550
Atascosa,78008,2025,4,1730
Atascosa,78008,2025,5,1990
Atascosa,78008,2025,6,2249
Atascosa,78011,2025,0,830
Atascosa,78011,2025,1,990
Atascosa,78011,2025,2,1120
Atascosa,78011,2025,3,1410
Atascosa,78011,2025,4,1540
Atascosa,78011,2025,5,1771
Atascosa,78011,2025,6,2002
Atascosa,78012,2025,0,960
Atascosa,78012,2025,1,1170
Atascosa,78012,2025,2,1290
Atascosa,78012,2025,3,1620
Atascosa,78012,2025,4,1710
Atascosa,78012,2025,5,1967
Atascosa,78012,2025,6,2223
Atascosa,78026,2025,0,850
Atascosa,78026,2025,1,1040
Atascosa,78026,2025,2,1150
Atascosa,78026,2025,3,1440
Atascosa,78026,2025,4,1520
Atascosa,78026,2025,5,1748
Atascosa,78026,2025,6,1976
Atascosa,78050,2025,0,870
Atascosa,78050,2025,1,1050
Atascosa,78050,2025,2,1170
Atascosa,78050,2025,3,1450
Atascosa,78050,2025,4,1640
Atascosa,78050,2025,5,1886
Atascosa,78050,2025,6,2132
Atascosa,78052,2025,0,910
Atascosa,78052,2025,1,1070
Atascosa,78052,2025,2,1230
Atascosa,78052,2025,3,1550
Atascosa,78052,2025,4,1630
Atascosa,78052,2025,5,1875
Atascosa,78052,2025,6,2119
Atascosa,78064,2025,0,1040
Atascosa,78064,2025,1,1260
Atascosa,78064,2025,2,1400
Atascosa,78064,2025,3,1760
Atascosa,78064,2025,4,1860
Atascosa,78064,2025,5,2139
Atascosa,78064,2025,6,2418
Atascosa,78065,2025,0,780
Atascosa,78065,2025,1,950
Atascosa,78065,2025,2,1050
Atascosa,78065,2025,3,1320
Atascosa,78065,2025,4,1430
Atascosa,78065,2025,5,1645
Atascosa,78065,2025,6,1859
Atascosa,78069,2025,0,770
Atascosa,78069,2025,1,910
Atascosa,78069,2025,2,1040
Atascosa,78069,2025,3,1310
Atascosa,78069,2025,4,1440
Atascosa,78069,2025,5,1656
Atascosa,78069,2025,6,1872
Atascosa,78073,2025,0,910
Atascosa,78073,2025,1,1030
Atascosa,78073,2025,2,1220
Atascosa,78073,2025,3,1550
Atascosa,78073,2025,4,1780
Atascosa,78073,2025,5,2047
Atascosa,78073,2025,6,2314
Atascosa,78113,2025,0,900
Atascosa,78113,2025,1,1000
Atascosa,78113,2025,2,1260
Atascosa,78113,2025,3,1580
Atascosa,78113,2025,4,1850
Atascosa,78113,2025,5,2128
Atascosa,78113,2025,6,2405
Atascosa,78114,2025,0,1000
Atascosa,78114,2025,1,1110
Atascosa,78114,2025,2,1350
Atascosa,78114,2025,3,1710
Atascosa,78114,2025,4,2020
Atascosa,78114,2025,5,2323
Atascosa,78114,2025,6,2626
Atascosa,78118,2025,0,760
Atascosa,78118,2025,1,920
Atascosa,78118,2025,2,1030
Atascosa,78118,2025,3,1290
Atascosa,78118,2025,4,1490
Atascosa,78118,2025,5,1714
Atascosa,78118,2025,6,1937
Atascosa,78264,2025,0,1030
Atascosa,78264,2025,1,1150
Atascosa,78264,2025,2,1390
Atascosa,78264,2025,3,1760
Atascosa,78264,2025,4,2060
Atascosa,78264,2025,5,2369
Atascosa,78264,2025,6,2678
Austin,77418,2025,0,750
Austin,77418,2025,1,830
Austin,77418,2025,2,930
Austin,77418,2025,3,1310
Austin,77418,2025,4,1520
Austin,77418,2025,5,1748
Austin,77418,2025,6,1976
Austin,77426,2025,0,890
Austin,77426,2025,1,930
Austin,77426,2025,2,1120
Austin,77426,2025,3,1510
Austin,77426,2025,4,1740
Austin,77426,2025,5,2001
Austin,77426,2025,6,2262
Austin,77452,2025,0,802
Austin,77452,2025,1,891
Austin,77452,2025,2,1001
Austin,77452,2025,3,1403
Austin,77452,2025,4,1635
Austin,77452,2025,5,1880
Austin,77452,2025,6,2126
Austin,77473,2025,0,950
Austin,77473,2025,1,1050
Austin,77473,2025,2,1180
Austin,77473,2025,3,1650
Austin,77473,2025,4,1930
Austin,77473,2025,5,2220
Austin,77473,2025,6,2509
Austin,77474,2025,0,950
Austin,77474,2025,1,1050
Austin,77474,2025,2,1180
Austin,77474,2025,3,1650
Austin,77474,2025,4,1930
Austin,77474,2025,5,2220
Austin,77474,2025,6,2509
Austin,77485,2025,0,750
Austin,77485,2025,1,810
Austin,77485,2025,2,940
Austin,77485,2025,3,1280
Austin,77485,2025,4,1550
Austin,77485,2025,5,1783
Austin,77485,2025,6,2015
Austin,77833,2025,0,880
Austin,77833,2025,1,890
Austin,77833,2025,2,1150
Austin,77833,2025,3,1500
Austin,77833,2025,4,1560
Austin,77833,2025,5,1794
Austin,77833,2025,6,2028
Austin,77835,2025,0,890
Austin,77835,2025,1,910
Austin,77835,2025,2,1140
Austin,77835,2025,3,1510
Austin,77835,2025,4,1570
Austin,77835,2025,5,1806
Austin,77835,2025,6,2041
Austin,78931,2025,0,820
Austin,78931,2025,1,860
Austin,78931,2025,2,1050
Austin,78931,2025,3,1410
Austin,78931,2025,4,1530
Austin,78931,2025,5,1760
Austin,78931,2025,6,1989
Austin,78933,2025,0,890
Austin,78933,2025,1,970
Austin,78933,2025,2,1110
Austin,78933,2025,3,1520
Austin,78933,2025,4,1790
Austin,78933,2025,5,2059
Austin,78933,2025,6,2327
Austin,78940,2025,0,760
Austin,78940,2025,1,810
Austin,78940,2025,2,990
Austin,78940,2025,3,1360
Austin,78940,2025,4,1570
Austin,78940,2025,5,1806
Austin,78940,2025,6,2041
Austin,78944,2025,0,880
Austin,78944,2025,1,890
Austin,78944,2025,2,1150
Austin,78944,2025,3,1500
Austin,78944,2025,4,1530
Austin,78944,2025,5,1760
Austin,78944,2025,6,1989
Austin,78950,2025,0,770
Austin,78950,2025,1,820
Austin,78950,2025,2,980
Austin,78950,2025,3,1310
Austin,78950,2025,4,1530
Austin,78950,2025,5,1760
Austin,78950,2025,6,1989
Austin,78954,2025,0,730
Austin,78954,2025,1,770
Austin,78954,2025,2,960
Austin,78954,2025,3,1320
Austin,78954,2025,4,1520
Austin,78954,2025,5,1748
Austin,78954,2025,6,1976
Bandera,78003,2025,0,890
Bandera,78003,2025,1,970
Bandera,78003,2025,2,1190
Bandera,78003,2025,3,1520
Bandera,78003,2025,4,1760
Bandera,78003,2025,5,2024
Bandera,78003,2025,6,2288
Bandera,78010,2025,0,940
Bandera,78010,2025,1,1010
Bandera,78010,2025,2,1200
Bandera,78010,2025,3,1630
Bandera,78010,2025,4,1700
Bandera,78010,2025,5,1955
Bandera,78010,2025,6,2210
Bandera,78023,2025,0,1590
Bandera,78023,2025,1,1760
Bandera,78023,2025,2,2140
Bandera,78023,2025,3,2720
Bandera,78023,2025,4,3200
Bandera,78023,2025,5,3680
Bandera,78023,2025,6,4160
Bandera,78055,2025,0,850
Bandera,78055,2025,1,920
Bandera,78055,2025,2,1120
Bandera,78055,2025,3,1460
Bandera,78055,2025,4,1700
Bandera,78055,2025,5,1955
Bandera,78055,2025,6,2210
Bandera,78063,2025,0,1160
Bandera,78063,2025,1,1280
Bandera,78063,2025,2,1560
Bandera,78063,2025,3,1980
Bandera,78063,2025,4,2330
Bandera,78063,2025,5,2680
Bandera,78063,2025,6,3029
Bandera,78883,2025,0,860
Bandera,78883,2025,1,920
Bandera,78883,2025,2,1150
Bandera,78883,2025,3,1490
Bandera,78883,2025,4,1680
Bandera,78883,2025,5,1932
Bandera,78883,2025,6,2184
Bandera,78884,2025,0,820
Bandera,78884,2025,1,920
Bandera,78884,2025,2,1120
Bandera,78884,2025,3,1420
Bandera,78884,2025,4,1690
Bandera,78884,2025,5,1944
Bandera,78884,2025,6,2197
Bandera,78885,2025,0,820
Bandera,78885,2025,1,920
Bandera,78885,2025,2,1120
Bandera,78885,2025,3,1420
Bandera,78885,2025,4,1700
Bandera,78885,2025,5,1955
Bandera,78885,2025,6,2210
Bosque,76043,2025,0,730
Bosque,76043,2025,1,750
Bosque,76043,2025,2,930
Bosque,76043,2025,3,1310
Bosque,76043,2025,4,1390
Bosque,76043,2025,5,1599
Bosque,76043,2025,6,1807
Bosque,76457,2025,0,840
Bosque,76457,2025,1,840
Bosque,76457,2025,2,1110
Bosque,76457,2025,3,1450
Bosque,76457,2025,4,1710
Bosque,76457,2025,5,1967
Bosque,76457,2025,6,2223
Bosque,76633,2025,0,1100
Bosque,76633,2025,1,1270
Bosque,76633,2025,2,1590
Bosque,76633,2025,3,2060
Bosque,76633,2025,4,2110
Bosque,76633,2025,5,2427
Bosque,76633,2025,6,2743
Bosque,76634,2025,0,810
Bosque,76634,2025,1,810
Bosque,76634,2025,2,1030
Bosque,76634,2025,3,1440
Bosque,76634,2025,4,1740
Bosque,76634,2025,5,2001
Bosque,76634,2025,6,2262
Bosque,76637,2025,0,710
Bosque,76637,2025,1,710
Bosque,76637,2025,2,930
Bosque,76637,2025,3,1290
Bosque,76637,2025,4,1310
Bosque,76637,2025,5,1507
Bosque,76637,2025,6,1703
Bosque,76649,2025,0,770
Bosque,76649,2025,1,780
Bosque,76649,2025,2,980
Bosque,76649,2025,3,1380
Bosque,76649,2025,4,1660
Bosque,76649,2025,5,1909
Bosque,76649,2025,6,2158
Bosque,76652,2025,0,870
Bosque,76652,2025,1,920
Bosque,76652,2025,2,1140
Bosque,76652,2025,3,1550
Bosque,76652,2025,4,1760
Bosque,76652,2025,5,2024
Bosque,76652,2025,6,2288
Bosque,76665,2025,0,710
Bosque,76665,2025,1,710
Bosque,76665,2025,2,930
Bosque,76665,2025,3,1300
Bosque,76665,2025,4,1300
Bosque,76665,2025,5,1495
Bosque,76665,2025,6,1690
Bosque,76671,2025,0,710
Bosque,76671,2025,1,710
Bosque,76671,2025,2,930
Bosque,76671,2025,3,1300
Bosque,76671,2025,4,1300
Bosque,76671,2025,5,1495
Bosque,76671,2025,6,1690
Bosque,76689,2025,0,890
Bosque,76689,2025,1,950
Bosque,76689,2025,2,1220
Bosque,76689,2025,3,1640
Bosque,76689,2025,4,1740
Bosque,76689,2025,5,2001
Bosque,76689,2025,6,2262
Bosque,76690,2025,0,770
Bosque,76690,2025,1,780
Bosque,76690,2025,2,1010
Bosque,76690,2025,3,1400
Bosque,76690,2025,4,1660
Bosque,76690,2025,5,1909
Bosque,76690,2025,6,2158
Caldwell,78610,2025,0,1560
Caldwell,78610,2025,1,1660
Caldwell,78610,2025,2,1960
Caldwell,78610,2025,3,2500
Caldwell,78610,2025,4,2900
Caldwell,78610,2025,5,3335
Caldwell,78610,2025,6,3770
Caldwell,78622,2025,0,1390
Caldwell,78622,2025,1,1480
Caldwell,78622,2025,2,1750
Caldwell,78622,2025,3,2230
Caldwell,78622,2025,4,2590
Caldwell,78622,2025,5,2979
Caldwell,78622,2025,6,3367
Caldwell,78632,2025,0,1370
Caldwell,78632,2025,1,1480
Caldwell,78632,2025,2,1740
Caldwell,78632,2025,3,2230
Caldwell,78632,2025,4,2560
Caldwell,78632,2025,5,2944
Caldwell,78632,2025,6,3328
Caldwell,78640,2025,0,1550
Caldwell,78640,2025,1,1650
Caldwell,78640,2025,2,1950
Caldwell,78640,2025,3,2480
Caldwell,78640,2025,4,2880
Caldwell,78640,2025,5,3312
Caldwell,78640,2025,6,3744
Caldwell,78644,2025,0,1370
Caldwell,78644,2025,1,1480
Caldwell,78644,2025,2,1740
Caldwell,78644,2025,3,2230
Caldwell,78644,2025,4,2560
Caldwell,78644,2025,5,2944
Caldwell,78644,2025,6,3328
Caldwell,78648,2025,0,1050
Caldwell,78648,2025,1,1120
Caldwell,78648,2025,2,1330
Caldwell,78648,2025,3,1700
Caldwell,78648,2025,4,1970
Caldwell,78648,2025,5,2266
Caldwell,78648,2025,6,2561
Caldwell,78655,2025,0,1120
Caldwell,78655,2025,1,1210
Caldwell,78655,2025,2,1440
Caldwell,78655,2025,3,1830
Caldwell,78655,2025,4,2140
Caldwell,78655,2025,5,2461
Caldwell,78655,2025,6,2782
Caldwell,78656,2025,0,1370
Caldwell,78656,2025,1,1480
Caldwell,78656,2025,2,1740
Caldwell,78656,2025,3,2230
Caldwell,78656,2025,4,2560
Caldwell,78656,2025,5,2944
Caldwell,78656,2025,6,3328
Caldwell,78661,2025,0,1370
Caldwell,78661,2025,1,1480
Caldwell,78661,2025,2,1740
Caldwell,78661,2025,3,2230
Caldwell,78661,2025,4,2560
Caldwell,78661,2025,5,2944
Caldwell,78661,2025,6,3328
Caldwell,78666,2025,0,1220
Caldwell,78666,2025,1,1300
Caldwell,78666,2025,2,1540
Caldwell,78666,2025,3,1960
Caldwell,78666,2025,4,2280
Caldwell,78666,2025,5,2622
Caldwell,78666,2025,6,2964
Chambers,77514,2025,0,1020
Chambers,77514,2025,1,1060
Chambers,77514,2025,2,1270
Chambers,77514,2025,3,1690
Chambers,77514,2025,4,2130
Chambers,77514,2025,5,2450
Chambers,77514,2025,6,2769
Chambers,77521,2025,0,1180
Chambers,77521,2025,1,1230
Chambers,77521,2025,2,1470
Chambers,77521,2025,3,1960
Chambers,77521,2025,4,2470
Chambers,77521,2025,5,2841
Chambers,77521,2025,6,3211
Chambers,77523,2025,0,1200
Chambers,77523,2025,1,1260
Chambers,77523,2025,2,1500
Chambers,77523,2025,3,2000
Chambers,77523,2025,4,2520
Chambers,77523,2025,5,2898
Chambers,77523,2025,6,3276
Chambers,77535,2025,0,1000
Chambers,77535,2025,1,1050
Chambers,77535,2025,2,1250
Chambers,77535,2025,3,1670
Chambers,77535,2025,4,2100
Chambers,77535,2025,5,2415
Chambers,77535,2025,6,2730
Chambers,77560,2025,0,930
Chambers,77560,2025,1,970
Chambers,77560,2025,2,1160
Chambers,77560,2025,3,1540
Chambers,77560,2025,4,1930
Chambers,77560,2025,5,2220
Chambers,77560,2025,6,2509
Chambers,77575,2025,0,870
Chambers,77575,2025,1,900
Chambers,77575,2025,2,1080
Chambers,77575,2025,3,1440
Chambers,77575,2025,4,1810
Chambers,77575,2025,5,2082
Chambers,77575,2025,6,2353
Chambers,77580,2025,0,1130
Chambers,77580,2025,1,1180
Chambers,77580,2025,2,1410
Chambers,77580,2025,3,1880
Chambers,77580,2025,4,2370
Chambers,77580,2025,5,2726
Chambers,77580,2025,6,3081
Chambers,77597,2025,0,930
Chambers,77597,2025,1,970
Chambers,77597,2025,2,1160
Chambers,77597,2025,3,1540
Chambers,77597,2025,4,1940
Chambers,77597,2025,5,2231
Chambers,77597,2025,6,2522
Chambers,77661,2025,0,800
Chambers,77661,2025,1,830
Chambers,77661,2025,2,1000
Chambers,77661,2025,3,1320
Chambers,77661,2025,4,1640
Chambers,77661,2025,5,1886
Chambers,77661,2025,6,2132
Chambers,77665,2025,0,800
Chambers,77665,2025,1,830
Chambers,77665,2025,2,1000
Chambers,77665,2025,3,1320
Chambers,77665,2025,4,1640
Chambers,77665,2025,5,1886
Chambers,77665,2025,6,2132
Colorado,77412,2025,0,790
Colorado,77412,2025,1,810
Colorado,77412,2025,2,1010
Colorado,77412,2025,3,1250
Colorado,77412,2025,4,1510
Colorado,77412,2025,5,1737
Colorado,77412,2025,6,1963
Colorado,77434,2025,0,800
Colorado,77434,2025,1,820
Colorado,77434,2025,2,1010
Colorado,77434,2025,3,1270
Colorado,77434,2025,4,1520
Colorado,77434,2025,5,1748
Colorado,77434,2025,6,1976
Colorado,77435,2025,0,840
Colorado,77435,2025,1,850
Colorado,77435,2025,2,1080
Colorado,77435,2025,3,1500
Colorado,77435,2025,4,1700
Colorado,77435,2025,5,1955
Colorado,77435,2025,6,2210
Colorado,77442,2025,0,790
Colorado,77442,2025,1,820
Colorado,77442,2025,2,1020
Colorado,77442,2025,3,1310
Colorado,77442,2025,4,1560
Colorado,77442,2025,5,1794
Colorado,77442,2025,6,2028
Colorado,77460,2025,0,750
Colorado,77460,2025,1,760
Colorado,77460,2025,2,970
Colorado,77460,2025,3,1360
Colorado,77460,2025,4,1510
Colorado,77460,2025,5,1737
Colorado,77460,2025,6,1963
Colorado,77470,2025,0,790
Colorado,77470,2025,1,810
Colorado,77470,2025,2,1010
Colorado,77470,2025,3,1250
Colorado,77470,2025,4,1510
Colorado,77470,2025,5,1737
Colorado,77470,2025,6,1963
Colorado,77475,2025,0,810
Colorado,77475,2025,1,840
Colorado,77475,2025,2,1030
Colorado,77475,2025,3,1250
Colorado,77475,2025,4,1580
Colorado,77475,2025,5,1817
Colorado,77475,2025,6,2054
Colorado,77964,2025,0,840
Colorado,77964,2025,1,880
Colorado,77964,2025,2,1070
Colorado,77964,2025,3,1290
Colorado,77964,2025,4,1670
Colorado,77964,2025,5,1921
Colorado,77964,2025,6,2171
Colorado,78934,2025,0,780
Colorado,78934,2025,1,810
Colorado,78934,2025,2,1000
Colorado,78934,2025,3,1280
Colorado,78934,2025,4,1500
Colorado,78934,2025,5,1725
Colorado,78934,2025,6,1950
Colorado,78935,2025,0,790
Colorado,78935,2025,1,810
Colorado,78935,2025,2,1010
Colorado,78935,2025,3,1280
Colorado,78935,2025,4,1510
Colorado,78935,2025,5,1737
Colorado,78935,2025,6,1963
Colorado,78943,2025,0,770
Colorado,78943,2025,1,800
Colorado,78943,2025,2,990
Colorado,78943,2025,3,1220
Colorado,78943,2025,4,1490
Colorado,78943,2025,5,1714
Colorado,78943,2025,6,1937
Colorado,78951,2025,0,790
Colorado,78951,2025,1,810
Colorado,78951,2025,2,1010
Colorado,78951,2025,3,1250
Colorado,78951,2025,4,1510
Colorado,78951,2025,5,1737
Colorado,78951,2025,6,1963
Colorado,78956,2025,0,790
Colorado,78956,2025,1,840
Colorado,78956,2025,2,1050
Colorado,78956,2025,3,1420
Colorado,78956,2025,4,1650
Colorado,78956,2025,5,1898
Colorado,78956,2025,6,2145
Colorado,78962,2025,0,730
Colorado,78962,2025,1,750
Colorado,78962,2025,2,930
Colorado,78962,2025,3,1280
Colorado,78962,2025,4,1420
Colorado,78962,2025,5,1633
Colorado,78962,2025,6,1846
Comal,78130,2025,0,1220
Comal,78130,2025,1,1350
Comal,78130,2025,2,1640
Comal,78130,2025,3,2080
Comal,78130,2025,4,2450
Comal,78130,2025,5,2818
Comal,78130,2025,6,3185
Comal,78131,2025,0,1260
Comal,78131,2025,1,1390
Comal,78131,2025,2,1690
Comal,78131,2025,3,2150
Comal,78131,2025,4,2530
Comal,78131,2025,5,2910
Comal,78131,2025,6,3289
Comal,78132,2025,0,1260
Comal,78132,2025,1,1390
Comal,78132,2025,2,1690
Comal,78132,2025,3,2150
Comal,78132,2025,4,2530
Comal,78132,2025,5,2910
Comal,78132,2025,6,3289
Comal,78133,2025,0,1110
Comal,78133,2025,1,1220
Comal,78133,2025,2,1490
Comal,78133,2025,3,1890
Comal,78133,2025,4,2230
Comal,78133,2025,5,2565
Comal,78133,2025,6,2899
Comal,78135,2025,0,1116
Comal,78135,2025,1,1231
Comal,78135,2025,2,1501
Comal,78135,2025,3,1907
Comal,78135,2025,4,2243
Comal,78135,2025,5,2579
Comal,78135,2025,6,2916
Comal,78623,2025,0,1150
Comal,78623,2025,1,1240
Comal,78623,2025,2,1500
Comal,78623,2025,3,1910
Comal,78623,2025,4,2230
Comal,78623,2025,5,2565
Comal,78623,2025,6,2899
Comanche,76436,2025,0,800
Comanche,76436,2025,1,810
Comanche,76436,2025,2,1060
Comanche,76436,2025,3,1410
Comanche,76436,2025,4,1680
Comanche,76436,2025,5,1932
Comanche,76436,2025,6,2184
Comanche,76444,2025,0,770
Comanche,76444,2025,1,790
Comanche,76444,2025,2,980
Comanche,76444,2025,3,1380
Comanche,76444,2025,4,1660
Comanche,76444,2025,5,1909
Comanche,76444,2025,6,2158
Comanche,76445,2025,0,770
Comanche,76445,2025,1,800
Comanche,76445,2025,2,990
Comanche,76445,2025,3,1380
Comanche,76445,2025,4,1660
Comanche,76445,2025,5,1909
Comanche,76445,2025,6,2158
Comanche,76446,2025,0,810
Comanche,76446,2025,1,820
Comanche,76446,2025,2,1070
Comanche,76446,2025,3,1480
Comanche,76446,2025,4,1760
Comanche,76446,2025,5,2024
Comanche,76446,2025,6,2288
Comanche,76452,2025,0,720
Comanche,76452,2025,1,740
Comanche,76452,2025,2,940
Comanche,76452,2025,3,1200
Comanche,76452,2025,4,1410
Comanche,76452,2025,5,1622
Comanche,76452,2025,6,1833
Comanche,76454,2025,0,730
Comanche,76454,2025,1,840
Comanche,76454,2025,2,930
Comanche,76454,2025,3,1300
Comanche,76454,2025,4,1560
Comanche,76454,2025,5,1794
Comanche,76454,2025,6,2028
Comanche,76455,2025,0,760
Comanche,76455,2025,1,770
Comanche,76455,2025,2,980
Comanche,76455,2025,3,1310
Comanche,76455,2025,4,1530
Comanche,76455,2025,5,1760
Comanche,76455,2025,6,1989
Comanche,76468,2025,0,770
Comanche,76468,2025,1,790
Comanche,76468,2025,2,980
Comanche,76468,2025,3,1280
Comanche,76468,2025,4,1470
Comanche,76468,2025,5,1691
Comanche,76468,2025,6,1911
Cooke-Denton,76258,2025,0,1260
Cooke-Denton,76258,2025,1,1330
Cooke-Denton,76258,2025,2,1560
Cooke-Denton,76258,2025,3,1960
Cooke-Denton,76258,2025,4,2510
Cooke-Denton,76258,2025,5,2887
Cooke-Denton,76258,2025,6,3263
Cooke-Denton,76266,2025,0,1490
Cooke-Denton,76266,2025,1,1570
Cooke-Denton,76266,2025,2,1840
Cooke-Denton,76266,2025,3,2310
Cooke-Denton,76266,2025,4,2960
Cooke-Denton,76266,2025,5,3404
Cooke-Denton,76266,2025,6,3848
Crockett,76943,2025,0,730
Crockett,76943,2025,1,770
Crockett,76943,2025,2,930
Crockett,76943,2025,3,1220
Crockett,76943,2025,4,1390
Crockett,76943,2025,5,1599
Crockett,76943,2025,6,1807
Denton,75010,2025,0,1750
Denton,75010,2025,1,1830
Denton,75010,2025,2,2150
Denton,75010,2025,3,2690
Denton,75010,2025,4,3460
Denton,75010,2025,5,3979
Denton,75010,2025,6,4498
Denton,75022,2025,0,2270
Denton,75022,2025,1,2380
Denton,75022,2025,2,2790
Denton,75022,2025,3,3500
Denton,75022,2025,4,4490
Denton,75022,2025,5,5164
Denton,75022,2025,6,5837
Denton,75027,2025,0,1590
Denton,75027,2025,1,1670
Denton,75027,2025,2,1960
Denton,75027,2025,3,2460
Denton,75027,2025,4,3150
Denton,75027,2025,5,3623
Denton,75027,2025,6,4095
Denton,75028,2025,0,2230
Denton,75028,2025,1,2340
Denton,75028,2025,2,2740
Denton,75028,2025,3,3430
Denton,75028,2025,4,4410
Denton,75028,2025,5,5072
Denton,75028,2025,6,5733
Denton,75029,2025,0,1590
Denton,75029,2025,1,1670
Denton,75029,2025,2,1960
Denton,75029,2025,3,2460
Denton,75029,2025,4,3150
Denton,75029,2025,5,3623
Denton,75029,2025,6,4095
Denton,75036,2025,0,2230
Denton,75036,2025,1,2340
Denton,75036,2025,2,2740
Denton,75036,2025,3,3430
Denton,75036,2025,4,4410
Denton,75036,2025,5,5072
Denton,75036,2025,6,5733
Denton,75056,2025,0,1730
Denton,75056,2025,1,1820
Denton,75056,2025,2,2130
Denton,75056,2025,3,2670
Denton,75056,2025,4,3430
Denton,75056,2025,5,3945
Denton,75056,2025,6,4459
Denton,75057,2025,0,1600
Denton,75057,2025,1,1680
Denton,75057,2025,2,1970
Denton,75057,2025,3,2470
Denton,75057,2025,4,3170
Denton,75057,2025,5,3646
Denton,75057,2025,6,4121
Denton,75065,2025,0,1610
Denton,75065,2025,1,1690
Denton,75065,2025,2,1980
Denton,75065,2025,3,2480
Denton,75065,2025,4,3190
Denton,75065,2025,5,3669
Denton,75065,2025,6,4147
Denton,75068,2025,0,2140
Denton,75068,2025,1,2240
Denton,75068,2025,2,2630
Denton,75068,2025,3,3300
Denton,75068,2025,4,4230
Denton,75068,2025,5,4865
Denton,75068,2025,6,5499
Denton,75077,2025,0,1800
Denton,75077,2025,1,1880
Denton,75077,2025,2,2210
Denton,75077,2025,3,2770
Denton,75077,2025,4,3560
Denton,75077,2025,5,4094
Denton,75077,2025,6,4628
Denton,76052,2025,0,1910
Denton,76052,2025,1,2030
Denton,76052,2025,2,2370
Denton,76052,2025,3,3110
Denton,76052,2025,4,3830
Denton,76052,2025,5,4405
Denton,76052,2025,6,4979
Denton,76078,2025,0,1270
Denton,76078,2025,1,1310
Denton,76078,2025,2,1560
Denton,76078,2025,3,2160
Denton,76078,2025,4,2490
Denton,76078,2025,5,2864
Denton,76078,2025,6,3237
Denton,76092,2025,0,1710
Denton,76092,2025,1,1820
Denton,76092,2025,2,2120
Denton,76092,2025,3,2800
Denton,76092,2025,4,3420
Denton,76092,2025,5,3933
Denton,76092,2025,6,4446
Denton,76177,2025,0,1750
Denton,76177,2025,1,1860
Denton,76177,2025,2,2170
Denton,76177,2025,3,2850
Denton,76177,2025,4,3500
Denton,76177,2025,5,4025
Denton,76177,2025,6,4550
Denton,76201,2025,0,1320
Denton,76201,2025,1,1390
Denton,76201,2025,2,1630
Denton,76201,2025,3,2040
Denton,76201,2025,4,2620
Denton,76201,2025,5,3013
Denton,76201,2025,6,3406
Denton,76202,2025,0,1590
Denton,76202,2025,1,1670
Denton,76202,2025,2,1960
Denton,76202,2025,3,2460
Denton,76202,2025,4,3150
Denton,76202,2025,5,3623
Denton,76202,2025,6,4095
Denton,76203,2025,0,1350
Denton,76203,2025,1,1420
Denton,76203,2025,2,1660
Denton,76203,2025,3,2090
Denton,76203,2025,4,2690
Denton,76203,2025,5,3094
Denton,76203,2025,6,3497
Denton,76204,2025,0,1590
Denton,76204,2025,1,1670
Denton,76204,2025,2,1960
Denton,76204,2025,3,2460
Denton,76204,2025,4,3150
Denton,76204,2025,5,3623
Denton,76204,2025,6,4095
Denton,76205,2025,0,1370
Denton,76205,2025,1,1440
Denton,76205,2025,2,1690
Denton,76205,2025,3,2120
Denton,76205,2025,4,2720
Denton,76205,2025,5,3128
Denton,76205,2025,6,3536
Denton,76206,2025,0,1590
Denton,76206,2025,1,1670
Denton,76206,2025,2,1960
Denton,76206,2025,3,2460
Denton,76206,2025,4,3150
Denton,76206,2025,5,3623
Denton,76206,2025,6,4095
Denton,76207,2025,0,1570
Denton,76207,2025,1,1650
Denton,76207,2025,2,1930
Denton,76207,2025,3,2420
Denton,76207,2025,4,3110
Denton,76207,2025,5,3577
Denton,76207,2025,6,4043
Denton,76208,2025,0,1590
Denton,76208,2025,1,1670
Denton,76208,2025,2,1960
Denton,76208,2025,3,2460
Denton,76208,2025,4,3150
Denton,76208,2025,5,3623
Denton,76208,2025,6,4095
Denton,76209,2025,0,1410
Denton,76209,2025,1,1470
Denton,76209,2025,2,1730
Denton,76209,2025,3,2170
Denton,76209,2025,4,2780
Denton,76209,2025,5,3197
Denton,76209,2025,6,3614
Denton,76210,2025,0,1800
Denton,76210,2025,1,1890
Denton,76210,2025,2,2220
Denton,76210,2025,3,2780
Denton,76210,2025,4,3570
Denton,76210,2025,5,4106
Denton,76210,2025,6,4641
Denton,76226,2025,0,2300
Denton,76226,2025,1,2410
Denton,76226,2025,2,2830
Denton,76226,2025,3,3550
Denton,76226,2025,4,4560
Denton,76226,2025,5,5244
Denton,76226,2025,6,5928
Denton,76227,2025,0,2020
Denton,76227,2025,1,2120
Denton,76227,2025,2,2490
Denton,76227,2025,3,3120
Denton,76227,2025,4,4010
Denton,76227,2025,5,4612
Denton,76227,2025,6,5213
Denton,76247,2025,0,2030
Denton,76247,2025,1,2130
Denton,76247,2025,2,2500
Denton,76247,2025,3,3140
Denton,76247,2025,4,4030
Denton,76247,2025,5,4635
Denton,76247,2025,6,5239
Denton,76249,2025,0,1560
Denton,76249,2025,1,1640
Denton,76249,2025,2,1920
Denton,76249,2025,3,2410
Denton,76249,2025,4,3090
Denton,76249,2025,5,3554
Denton,76249,2025,6,4017
Denton,76259,2025,0,1360
Denton,76259,2025,1,1420
Denton,76259,2025,2,1670
Denton,76259,2025,3,2090
Denton,76259,2025,4,2690
Denton,76259,2025,5,3094
Denton,76259,2025,6,3497
Denton,76262,2025,0,1630
Denton,76262,2025,1,1720
Denton,76262,2025,2,2010
Denton,76262,2025,3,2560
Denton,76262,2025,4,3240
Denton,76262,2025,5,3726
Denton,76262,2025,6,4212
Ellis,75101,2025,0,1190
Ellis,75101,2025,1,1250
Ellis,75101,2025,2,1470
Ellis,75101,2025,3,1840
Ellis,75101,2025,4,2370
Ellis,75101,2025,5,2726
Ellis,75101,2025,6,3081
Ellis,75119,2025,0,1230
Ellis,75119,2025,1,1290
Ellis,75119,2025,2,1520
Ellis,75119,2025,3,1900
Ellis,75119,2025,4,2440
Ellis,75119,2025,5,2806
Ellis,75119,2025,6,3172
Ellis,75152,2025,0,1600
Ellis,75152,2025,1,1680
Ellis,75152,2025,2,1970
Ellis,75152,2025,3,2470
Ellis,75152,2025,4,3170
Ellis,75152,2025,5,3646
Ellis,75152,2025,6,4121
Ellis,75165,2025,0,1270
Ellis,75165,2025,1,1330
Ellis,75165,2025,2,1560
Ellis,75165,2025,3,1950
Ellis,75165,2025,4,2510
Ellis,75165,2025,5,2887
Ellis,75165,2025,6,3263
Ellis,75167,2025,0,1980
Ellis,75167,2025,1,2080
Ellis,75167,2025,2,2440
Ellis,75167,2025,3,3060
Ellis,75167,2025,4,3930
Ellis,75167,2025,5,4520
Ellis,75167,2025,6,5109
Ellis,75168,2025,0,1410
Ellis,75168,2025,1,1480
Ellis,75168,2025,2,1740
Ellis,75168,2025,3,2180
Ellis,75168,2025,4,2800
Ellis,75168,2025,5,3220
Ellis,75168,2025,6,3640
Ellis,76041,2025,0,1390
Ellis,76041,2025,1,1460
Ellis,76041,2025,2,1710
Ellis,76041,2025,3,2150
Ellis,76041,2025,4,2760
Ellis,76041,2025,5,3174
Ellis,76041,2025,6,3588
Ellis,76050,2025,0,1200
Ellis,76050,2025,1,1280
Ellis,76050,2025,2,1500
Ellis,76050,2025,3,1980
Ellis,76050,2025,4,2410
Ellis,76050,2025,5,2772
Ellis,76050,2025,6,3133
Ellis,76055,2025,0,1180
Ellis,76055,2025,1,1240
Ellis,76055,2025,2,1450
Ellis,76055,2025,3,1830
Ellis,76055,2025,4,2350
Ellis,76055,2025,5,2703
Ellis,76055,2025,6,3055
Ellis,76063,2025,0,1670
Ellis,76063,2025,1,1780
Ellis,76063,2025,2,2080
Ellis,76063,2025,3,2750
Ellis,76063,2025,4,3360
Ellis,76063,2025,5,3864
Ellis,76063,2025,6,4368
Ellis,76064,2025,0,1560
Ellis,76064,2025,1,1640
Ellis,76064,2025,2,1920
Ellis,76064,2025,3,2410
Ellis,76064,2025,4,3090
Ellis,76064,2025,5,3554
Ellis,76064,2025,6,4017
Ellis,76084,2025,0,1310
Ellis,76084,2025,1,1390
Ellis,76084,2025,2,1630
Ellis,76084,2025,3,2140
Ellis,76084,2025,4,2630
Ellis,76084,2025,5,3025
Ellis,76084,2025,6,3419
Ellis,76623,2025,0,1200
Ellis,76623,2025,1,1260
Ellis,76623,2025,2,1480
Ellis,76623,2025,3,1850
Ellis,76623,2025,4,2380
Ellis,76623,2025,5,2737
Ellis,76623,2025,6,3094
Ellis,76626,2025,0,1050
Ellis,76626,2025,1,1100
Ellis,76626,2025,2,1290
Ellis,76626,2025,3,1620
Ellis,76626,2025,4,2090
Ellis,76626,2025,5,2404
Ellis,76626,2025,6,2717
Ellis,76641,2025,0,1180
Ellis,76641,2025,1,1240
Ellis,76641,2025,2,1450
Ellis,76641,2025,3,1830
Ellis,76641,2025,4,2350
Ellis,76641,2025,5,2703
Ellis,76641,2025,6,3055
Ellis,76651,2025,0,1150
Ellis,76651,2025,1,1210
Ellis,76651,2025,2,1420
Ellis,76651,2025,3,1780
Ellis,76651,2025,4,2290
Ellis,76651,2025,5,2634
Ellis,76651,2025,6,2977
Ellis,76670,2025,0,890
Ellis,76670,2025,1,930
Ellis,76670,2025,2,1090
Ellis,76670,2025,3,1390
Ellis,76670,2025,4,1770
Ellis,76670,2025,5,2036
Ellis,76670,2025,6,2301
Falls,76661,2025,0,640
Falls,76661,2025,1,710
Falls,76661,2025,2,930
Falls,76661,2025,3,1310
Falls,76661,2025,4,1580
Falls,76661,2025,5,1817
Falls,76661,2025,6,2054
Fort Bend,77459,2025,0,1840
Fort Bend,77459,2025,1,1920
Fort Bend,77459,2025,2,2290
Fort Bend,77459,2025,3,3050
Fort Bend,77459,2025,4,3850
Fort Bend,77459,2025,5,4428
Fort Bend,77459,2025,6,5005
Fort Bend,77461,2025,0,1110
Fort Bend,77461,2025,1,1160
Fort Bend,77461,2025,2,1390
Fort Bend,77461,2025,3,1850
Fort Bend,77461,2025,4,2330
Fort Bend,77461,2025,5,2680
Fort Bend,77461,2025,6,3029
Fort Bend,77471,2025,0,1190
Fort Bend,77471,2025,1,1250
Fort Bend,77471,2025,2,1490
Fort Bend,77471,2025,3,1990
Fort Bend,77471,2025,4,2500
Fort Bend,77471,2025,5,2875
Fort Bend,77471,2025,6,3250
Fort Bend,77494,2025,0,1840
Fort Bend,77494,2025,1,1920
Fort Bend,77494,2025,2,2290
Fort Bend,77494,2025,3,3050
Fort Bend,77494,2025,4,3850
Fort Bend,77494,2025,5,4428
Fort Bend,77494,2025,6,5005
Fort Bend,77498,2025,0,1680
Fort Bend,77498,2025,1,1750
Fort Bend,77498,2025,2,2090
Fort Bend,77498,2025,3,2790
Fort Bend,77498,2025,4,3510
Fort Bend,77498,2025,5,4037
Fort Bend,77498,2025,6,4563
Freestone,75831,2025,0,710
Freestone,75831,2025,1,760
Freestone,75831,2025,2,1000
Freestone,75831,2025,3,1300
Freestone,75831,2025,4,1380
Freestone,75831,2025,5,1587
Freestone,75831,2025,6,1794
Freestone,75838,2025,0,690
Freestone,75838,2025,1,720
Freestone,75838,2025,2,940
Freestone,75838,2025,3,1190
Freestone,75838,2025,4,1450
Freestone,75838,2025,5,1668
Freestone,75838,2025,6,1885
Freestone,75840,2025,0,740
Freestone,75840,2025,1,750
Freestone,75840,2025,2,980
Freestone,75840,2025,3,1200
Freestone,75840,2025,4,1470
Freestone,75840,2025,5,1691
Freestone,75840,2025,6,1911
Freestone,75848,2025,0,710
Freestone,75848,2025,1,710
Freestone,75848,2025,2,930
Freestone,75848,2025,3,1140
Freestone,75848,2025,4,1400
Freestone,75848,2025,5,1610
Freestone,75848,2025,6,1820
Freestone,75855,2025,0,700
Freestone,75855,2025,1,740
Freestone,75855,2025,2,960
Freestone,75855,2025,3,1230
Freestone,75855,2025,4,1350
Freestone,75855,2025,5,1553
Freestone,75855,2025,6,1755
Freestone,75859,2025,0,1060
Freestone,75859,2025,1,1110
Freestone,75859,2025,2,1410
Freestone,75859,2025,3,1800
Freestone,75859,2025,4,2110
Freestone,75859,2025,5,2427
Freestone,75859,2025,6,2743
Freestone,75860,2025,0,710
Freestone,75860,2025,1,710
Freestone,75860,2025,2,930
Freestone,75860,2025,3,1140
Freestone,75860,2025,4,1400
Freestone,75860,2025,5,1610
Freestone,75860,2025,6,1820
Freestone,76667,2025,0,730
Freestone,76667,2025,1,730
Freestone,76667,2025,2,960
Freestone,76667,2025,3,1160
Freestone,76667,2025,4,1450
Freestone,76667,2025,5,1668
Freestone,76667,2025,6,1885
Freestone,76693,2025,0,720
Freestone,76693,2025,1,730
Freestone,76693,2025,2,950
Freestone,76693,2025,3,1290
Freestone,76693,2025,4,1550
Freestone,76693,2025,5,1783
Freestone,76693,2025,6,2015
Frio,78016,2025,0,760
Frio,78016,2025,1,850
Frio,78016,2025,2,1030
Frio,78016,2025,3,1370
Frio,78016,2025,4,1610
Frio,78016,2025,5,1852
Frio,78016,2025,6,2093
Frio,78057,2025,0,760
Frio,78057,2025,1,850
Frio,78057,2025,2,1030
Frio,78057,2025,3,1370
Frio,78057,2025,4,1610
Frio,78057,2025,5,1852
Frio,78057,2025,6,2093
Galveston,77518,2025,0,1090
Galveston,77518,2025,1,1140
Galveston,77518,2025,2,1360
Galveston,77518,2025,3,1810
Galveston,77518,2025,4,2280
Galveston,77518,2025,5,2622
Galveston,77518,2025,6,2964
Galveston,77539,2025,0,1240
Galveston,77539,2025,1,1300
Galveston,77539,2025,2,1550
Galveston,77539,2025,3,2070
Galveston,77539,2025,4,2600
Galveston,77539,2025,5,2990
Galveston,77539,2025,6,3380
Galveston,77549,2025,0,1210
Galveston,77549,2025,1,1260
Galveston,77549,2025,2,1510
Galveston,77549,2025,3,2010
Galveston,77549,2025,4,2540
Galveston,77549,2025,5,2921
Galveston,77549,2025,6,3302
Galveston,77550,2025,0,1070
Galveston,77550,2025,1,1110
Galveston,77550,2025,2,1330
Galveston,77550,2025,3,1770
Galveston,77550,2025,4,2230
Galveston,77550,2025,5,2565
Galveston,77550,2025,6,2899
Galveston,77551,2025,0,1220
Galveston,77551,2025,1,1270
Galveston,77551,2025,2,1520
Galveston,77551,2025,3,2030
Galveston,77551,2025,4,2550
Galveston,77551,2025,5,2933
Galveston,77551,2025,6,3315
Galveston,77552,2025,0,1210
Galveston,77552,2025,1,1260
Galveston,77552,2025,2,1510
Galveston,77552,2025,3,2010
Galveston,77552,2025,4,2540
Galveston,77552,2025,5,2921
Galveston,77552,2025,6,3302
Galveston,77553,2025,0,1210
Galveston,77553,2025,1,1260
Galveston,77553,2025,2,1510
Galveston,77553,2025,3,2010
Galveston,77553,2025,4,2540
Galveston,77553,2025,5,2921
Galveston,77553,2025,6,3302
Galveston,77554,2025,0,1280
Galveston,77554,2025,1,1340
Galveston,77554,2025,2,1600
Galveston,77554,2025,3,2130
Galveston,77554,2025,4,2690
Galveston,77554,2025,5,3094
Galveston,77554,2025,6,3497
Galveston,77555,2025,0,1070
Galveston,77555,2025,1,1110
Galveston,77555,2025,2,1330
Galveston,77555,2025,3,1770
Galveston,77555,2025,4,2230
Galveston,77555,2025,5,2565
Galveston,77555,2025,6,2899
Galveston,77563,2025,0,1110
Galveston,77563,2025,1,1150
Galveston,77563,2025,2,1380
Galveston,77563,2025,3,1840
Galveston,77563,2025,4,2320
Galveston,77563,2025,5,2668
Galveston,77563,2025,6,3016
Galveston,77565,2025,0,1440
Galveston,77565,2025,1,1510
Galveston,77565,2025,2,1800
Galveston,77565,2025,3,2400
Galveston,77565,2025,4,3020
Galveston,77565,2025,5,3473
Galveston,77565,2025,6,3926
Galveston,77568,2025,0,1020
Galveston,77568,2025,1,1060
Galveston,77568,2025,2,1270
Galveston,77568,2025,3,1690
Galveston,77568,2025,4,2130
Galveston,77568,2025,5,2450
Galveston,77568,2025,6,2769
Galveston,77573,2025,0,1510
Galveston,77573,2025,1,1570
Galveston,77573,2025,2,1880
Galveston,77573,2025,3,2510
Galveston,77573,2025,4,3160
Galveston,77573,2025,5,3634
Galveston,77573,2025,6,4108
Galveston,77574,2025,0,1210
Galveston,77574,2025,1,1260
Galveston,77574,2025,2,1510
Galveston,77574,2025,3,2010
Galveston,77574,2025,4,2540
Galveston,77574,2025,5,2921
Galveston,77574,2025,6,3302
Galveston,77590,2025,0,1070
Galveston,77590,2025,1,1120
Galveston,77590,2025,2,1340
Galveston,77590,2025,3,1790
Galveston,77590,2025,4,2250
Galveston,77590,2025,5,2588
Galveston,77590,2025,6,2925
Galveston,77591,2025,0,1110
Galveston,77591,2025,1,1150
Galveston,77591,2025,2,1380
Galveston,77591,2025,3,1840
Galveston,77591,2025,4,2320
Galveston,77591,2025,5,2668
Galveston,77591,2025,6,3016
Galveston,77623,2025,0,800
Galveston,77623,2025,1,830
Galveston,77623,2025,2,1000
Galveston,77623,2025,3,1320
Galveston,77623,2025,4,1640
Galveston,77623,2025,5,1886
Galveston,77623,2025,6,2132
Galveston,77650,2025,0,1210
Galveston,77650,2025,1,1260
Galveston,77650,2025,2,1510
Galveston,77650,2025,3,2010
Galveston,77650,2025,4,2540
Galveston,77650,2025,5,2921
Galveston,77650,2025,6,3302
Gillespie,76856,2025,0,730
Gillespie,76856,2025,1,750
Gillespie,76856,2025,2,930
Gillespie,76856,2025,3,1220
Gillespie,76856,2025,4,1400
Gillespie,76856,2025,5,1610
Gillespie,76856,2025,6,1820
Gillespie,78028,2025,0,870
Gillespie,78028,2025,1,940
Gillespie,78028,2025,2,1110
Gillespie,78028,2025,3,1510
Gillespie,78028,2025,4,1540
Gillespie,78028,2025,5,1771
Gillespie,78028,2025,6,2002
Gillespie,78058,2025,0,870
Gillespie,78058,2025,1,870
Gillespie,78058,2025,2,1150
Gillespie,78058,2025,3,1610
Gillespie,78058,2025,4,1700
Gillespie,78058,2025,5,1955
Gillespie,78058,2025,6,2210
Gillespie,78618,2025,0,870
Gillespie,78618,2025,1,870
Gillespie,78618,2025,2,1150
Gillespie,78618,2025,3,1610
Gillespie,78618,2025,4,1700
Gillespie,78618,2025,5,1955
Gillespie,78618,2025,6,2210
Gillespie,78624,2025,0,1110
Gillespie,78624,2025,1,1230
Gillespie,78624,2025,2,1510
Gillespie,78624,2025,3,1990
Gillespie,78624,2025,4,2250
Gillespie,78624,2025,5,2588
Gillespie,78624,2025,6,2925
Gillespie,78631,2025,0,1100
Gillespie,78631,2025,1,1130
Gillespie,78631,2025,2,1440
Gillespie,78631,2025,3,1920
Gillespie,78631,2025,4,2130
Gillespie,78631,2025,5,2450
Gillespie,78631,2025,6,2769
Gillespie,78675,2025,0,920
Gillespie,78675,2025,1,920
Gillespie,78675,2025,2,1210
Gillespie,78675,2025,3,1610
Gillespie,78675,2025,4,1830
Gillespie,78675,2025,5,2105
Gillespie,78675,2025,6,2379
Grimes,77316,2025,0,1460
Grimes,77316,2025,1,1520
Grimes,77316,2025,2,1820
Grimes,77316,2025,3,2420
Grimes,77316,2025,4,3050
Grimes,77316,2025,5,3508
Grimes,77316,2025,6,3965
Grimes,77356,2025,0,1480
Grimes,77356,2025,1,1550
Grimes,77356,2025,2,1850
Grimes,77356,2025,3,2460
Grimes,77356,2025,4,3100
Grimes,77356,2025,5,3565
Grimes,77356,2025,6,4030
Grimes,77363,2025,0,950
Grimes,77363,2025,1,970
Grimes,77363,2025,2,1210
Grimes,77363,2025,3,1460
Grimes,77363,2025,4,1820
Grimes,77363,2025,5,2093
Grimes,77363,2025,6,2366
Grimes,77484,2025,0,1040
Grimes,77484,2025,1,1080
Grimes,77484,2025,2,1300
Grimes,77484,2025,3,1720
Grimes,77484,2025,4,2170
Grimes,77484,2025,5,2496
Grimes,77484,2025,6,2821
Grimes,77830,2025,0,780
Grimes,77830,2025,1,810
Grimes,77830,2025,2,1000
Grimes,77830,2025,3,1200
Grimes,77830,2025,4,1500
Grimes,77830,2025,5,1725
Grimes,77830,2025,6,1950
Grimes,77831,2025,0,740
Grimes,77831,2025,1,940
Grimes,77831,2025,2,1080
Grimes,77831,2025,3,1300
Grimes,77831,2025,4,1820
Grimes,77831,2025,5,2093
Grimes,77831,2025,6,2366
Grimes,77861,2025,0,730
Grimes,77861,2025,1,750
Grimes,77861,2025,2,930
Grimes,77861,2025,3,1160
Grimes,77861,2025,4,1400
Grimes,77861,2025,5,1610
Grimes,77861,2025,6,1820
Grimes,77872,2025,0,790
Grimes,77872,2025,1,790
Grimes,77872,2025,2,1040
Grimes,77872,2025,3,1440
Grimes,77872,2025,4,1560
Grimes,77872,2025,5,1794
Grimes,77872,2025,6,2028
Grimes,77873,2025,0,950
Grimes,77873,2025,1,1030
Grimes,77873,2025,2,1230
Grimes,77873,2025,3,1560
Grimes,77873,2025,4,1990
Grimes,77873,2025,5,2289
Grimes,77873,2025,6,2587
Grimes,77875,2025,0,780
Grimes,77875,2025,1,810
Grimes,77875,2025,2,1000
Grimes,77875,2025,3,1200
Grimes,77875,2025,4,1500
Grimes,77875,2025,5,1725
Grimes,77875,2025,6,1950
Grimes,77876,2025,0,740
Grimes,77876,2025,1,790
Grimes,77876,2025,2,960
Grimes,77876,2025,3,1160
Grimes,77876,2025,4,1470
Grimes,77876,2025,5,1691
Grimes,77876,2025,6,1911
Guadalupe,78115,2025,0,1200
Guadalupe,78115,2025,1,1320
Guadalupe,78115,2025,2,1610
Guadalupe,78115,2025,3,2040
Guadalupe,78115,2025,4,2410
Guadalupe,78115,2025,5,2772
Guadalupe,78115,2025,6,3133
Guadalupe,78121,2025,0,1090
Guadalupe,78121,2025,1,1210
Guadalupe,78121,2025,2,1470
Guadalupe,78121,2025,3,1870
Guadalupe,78121,2025,4,2200
Guadalupe,78121,2025,5,2530
Guadalupe,78121,2025,6,2860
Guadalupe,78123,2025,0,970
Guadalupe,78123,2025,1,1070
Guadalupe,78123,2025,2,1310
Guadalupe,78123,2025,3,1660
Guadalupe,78123,2025,4,1960
Guadalupe,78123,2025,5,2254
Guadalupe,78123,2025,6,2548
Guadalupe,78156,2025,0,1200
Guadalupe,78156,2025,1,1320
Guadalupe,78156,2025,2,1610
Guadalupe,78156,2025,3,2040
Guadalupe,78156,2025,4,2410
Guadalupe,78156,2025,5,2772
Guadalupe,78156,2025,6,3133
Guadalupe,78638,2025,0,1120
Guadalupe,78638,2025,1,1240
Guadalupe,78638,2025,2,1510
Guadalupe,78638,2025,3,1920
Guadalupe,78638,2025,4,2260
Guadalupe,78638,2025,5,2599
Guadalupe,78638,2025,6,2938
Guadalupe,78670,2025,0,1380
Guadalupe,78670,2025,1,1520
Guadalupe,78670,2025,2,1850
Guadalupe,78670,2025,3,2350
Guadalupe,78670,2025,4,2760
Guadalupe,78670,2025,5,3174
Guadalupe,78670,2025,6,3588
Houston (HHA),77002,2025,0,1288
Houston (HHA),77002,2025,1,1362
Houston (HHA),77002,2025,2,1628
Houston (HHA),77002,2025,3,2150
Houston (HHA),77002,2025,4,2764
Houston (HHA),77002,2025,5,3179
Houston (HHA),77002,2025,6,3593
Houston (HHA),77003,2025,0,1073
Houston (HHA),77003,2025,1,1135
Houston (HHA),77003,2025,2,1357
Houston (HHA),77003,2025,3,1792
Houston (HHA),77003,2025,4,2303
Houston (HHA),77003,2025,5,2648
Houston (HHA),77003,2025,6,2994
Houston (HHA),77004,2025,0,1073
Houston (HHA),77004,2025,1,1135
Houston (HHA),77004,2025,2,1357
Houston (HHA),77004,2025,3,1792
Houston (HHA),77004,2025,4,2303
Houston (HHA),77004,2025,5,2648
Houston (HHA),77004,2025,6,2994
Houston (HHA),77005,2025,0,1288
Houston (HHA),77005,2025,1,1362
Houston (HHA),77005,2025,2,1628
Houston (HHA),77005,2025,3,2150
Houston (HHA),77005,2025,4,2764
Houston (HHA),77005,2025,5,3179
Houston (HHA),77005,2025,6,3593
Houston (HHA),77006,2025,0,1288
Houston (HHA),77006,2025,1,1362
Houston (HHA),77006,2025,2,1628
Houston (HHA),77006,2025,3,2150
Houston (HHA),77006,2025,4,2764
Houston (HHA),77006,2025,5,3179
Houston (HHA),77006,2025,6,3593
Houston (HHA),77007,2025,0,1288
Houston (HHA),77007,2025,1,1362
Houston (HHA),77007,2025,2,1628
Houston (HHA),77007,2025,3,2150
Houston (HHA),77007,2025,4,2764
Houston (HHA),77007,2025,5,3179
Houston (HHA),77007,2025,6,3593
Houston (HHA),77008,2025,0,1288
Houston (HHA),77008,2025,1,1362
Houston (HHA),77008,2025,2,1628
Houston (HHA),77008,2025,3,2150
Houston (HHA),77008,2025,4,2764
Houston (HHA),77008,2025,5,3179
Houston (HHA),77008,2025,6,3593
Houston (HHA),77009,2025,0,1073
Houston (HHA),77009,2025,1,1135
Houston (HHA),77009,2025,2,1357
Houston (HHA),77009,2025,3,1792
Houston (HHA),77009,2025,4,2303
Houston (HHA),77009,2025,5,2648
Houston (HHA),77009,2025,6,2994
Houston (HHA),77010,2025,0,1288
Houston (HHA),77010,2025,1,1362
Houston (HHA),77010,2025,2,1628
Houston (HHA),77010,2025,3,2150
Houston (HHA),77010,2025,4,2764
Houston (HHA),77010,2025,5,3179
Houston (HHA),77010,2025,6,3593
Houston (HHA),77011,2025,0,1073
Houston (HHA),77011,2025,1,1135
Houston (HHA),77011,2025,2,1357
Houston (HHA),77011,2025,3,1792
Houston (HHA),77011,2025,4,2303
Houston (HHA),77011,2025,5,2648
Houston (HHA),77011,2025,6,2994
Houston (HHA),77012,2025,0,1073
Houston (HHA),77012,2025,1,1135
Houston (HHA),77012,2025,2,1357
Houston (HHA),77012,2025,3,1792
Houston (HHA),77012,2025,4,2303
Houston (HHA),77012,2025,5,2648
Houston (HHA),77012,2025,6,2994
Houston (HHA),77013,2025,0,1073
Houston (HHA),77013,2025,1,1135
Houston (HHA),77013,2025,2,1357
Houston (HHA),77013,2025,3,1792
Houston (HHA),77013,2025,4,2303
Houston (HHA),77013,2025,5,2648
Houston (HHA),77013,2025,6,2994
Houston (HHA),77014,2025,0,1073
Houston (HHA),77014,2025,1,1135
Houston (HHA),77014,2025,2,1357
Houston (HHA),77014,2025,3,1792
Houston (HHA),77014,2025,4,2303
Houston (HHA),77014,2025,5,2648
Houston (HHA),77014,2025,6,2994
Houston (HHA),77015,2025,0,1073
Houston (HHA),77015,2025,1,1135
Houston (HHA),77015,2025,2,1357
Houston (HHA),77015,2025,3,1792
Houston (HHA),77015,2025,4,2303
Houston (HHA),77015,2025,5,2648
Houston (HHA),77015,2025,6,2994
Houston (HHA),77016,2025,0,1073
Houston (HHA),77016,2025,1,1135
Houston (HHA),77016,2025,2,1357
Houston (HHA),77016,2025,3,1792
Houston (HHA),77016,2025,4,2303
Houston (HHA),77016,2025,5,2648
Houston (HHA),77016,2025,6,2994
Houston (HHA),77017,2025,0,1073
Houston (HHA),77017,2025,1,1135
Houston (HHA),77017,2025,2,1357
Houston (HHA),77017,2025,3,1792
Houston (HHA),77017,2025,4,2303
Houston (HHA),77017,2025,5,2648
Houston (HHA),77017,2025,6,2994
Houston (HHA),77018,2025,0,1073
Houston (HHA),77018,2025,1,1135
Houston (HHA),77018,2025,2,1357
Houston (HHA),77018,2025,3,1792
Houston (HHA),77018,2025,4,2303
Houston (HHA),77018,2025,5,2648
Houston (HHA),77018,2025,6,2994
Houston (HHA),77019,2025,0,1288
Houston (HHA),77019,2025,1,1362
Houston (HHA),77019,2025,2,1628
Houston (HHA),77019,2025,3,2150
Houston (HHA),77019,2025,4,2764
Houston (HHA),77019,2025,5,3179
Houston (HHA),77019,2025,6,3593
Houston (HHA),77020,2025,0,1073
Houston (HHA),77020,2025,1,1135
Houston (HHA),77020,2025,2,1357
Houston (HHA),77020,2025,3,1792
Houston (HHA),77020,2025,4,2303
Houston (HHA),77020,2025,5,2648
Houston (HHA),77020,2025,6,2994
Houston (HHA),77021,2025,0,1073
Houston (HHA),77021,2025,1,1135
Houston (HHA),77021,2025,2,1357
Houston (HHA),77021,2025,3,1792
Houston (HHA),77021,2025,4,2303
Houston (HHA),77021,2025,5,2648
Houston (HHA),77021,2025,6,2994
Houston (HHA),77022,2025,0,1073
Houston (HHA),77022,2025,1,1135
Houston (HHA),77022,2025,2,1357
Houston (HHA),77022,2025,3,1792
Houston (HHA),77022,2025,4,2303
Houston (HHA),77022,2025,5,2648
Houston (HHA),77022,2025,6,2994
Houston (HHA),77023,2025,0,1073
Houston (HHA),77023,2025,1,1135
Houston (HHA),77023,2025,2,1357
Houston (HHA),77023,2025,3,1792
Houston (HHA),77023,2025,4,2303
Houston (HHA),77023,2025,5,2648
Houston (HHA),77023,2025,6,2994
Houston (HHA),77024,2025,0,1288
Houston (HHA),77024,2025,1,1362
Houston (HHA),77024,2025,2,1628
Houston (HHA),77024,2025,3,2150
Houston (HHA),77024,2025,4,2764
Houston (HHA),77024,2025,5,3179
Houston (HHA),77024,2025,6,3593
Houston (HHA),77025,2025,0,1073
Houston (HHA),77025,2025,1,1135
Houston (HHA),77025,2025,2,1357
Houston (HHA),77025,2025,3,1792
Houston (HHA),77025,2025,4,2303
Houston (HHA),77025,2025,5,2648
Houston (HHA),77025,2025,6,2994
Houston (HHA),77026,2025,0,1073
Houston (HHA),77026,2025,1,1135
Houston (HHA),77026,2025,2,1357
Houston (HHA),77026,2025,3,1792
Houston (HHA),77026,2025,4,2303
Houston (HHA),77026,2025,5,2648
Houston (HHA),77026,2025,6,2994
Houston (HHA),77027,2025,0,1288
Houston (HHA),77027,2025,1,1362
Houston (HHA),77027,2025,2,1628
Houston (HHA),77027,2025,3,2150
Houston (HHA),77027,2025,4,2764
Houston (HHA),77027,2025,5,3179
Houston (HHA),77027,2025,6,3593
Houston (HHA),77028,2025,0,1073
Houston (HHA),77028,2025,1,1135
Houston (HHA),77028,2025,2,1357
Houston (HHA),77028,2025,3,1792
Houston (HHA),77028,2025,4,2303
Houston (HHA),77028,2025,5,2648
Houston (HHA),77028,2025,6,2994
Houston (HHA),77029,2025,0,1073
Houston (HHA),77029,2025,1,1135
Houston (HHA),77029,2025,2,1357
Houston (HHA),77029,2025,3,1792
Houston (HHA),77029,2025,4,2303
Houston (HHA),77029,2025,5,2648
Houston (HHA),77029,2025,6,2994
Houston (HHA),77030,2025,0,1288
Houston (HHA),77030,2025,1,1362
Houston (HHA),77030,2025,2,1628
Houston (HHA),77030,2025,3,2150
Houston (HHA),77030,2025,4,2764
Houston (HHA),77030,2025,5,3179
Houston (HHA),77030,2025,6,3593
Houston (HHA),77031,2025,0,1073
Houston (HHA),77031,2025,1,1135
Houston (HHA),77031,2025,2,1357
Houston (HHA),77031,2025,3,1792
Houston (HHA),77031,2025,4,2303
Houston (HHA),77031,2025,5,2648
Houston (HHA),77031,2025,6,2994
Houston (HHA),77032,2025,0,1073
Houston (HHA),77032,2025,1,1135
Houston (HHA),77032,2025,2,1357
Houston (HHA),77032,2025,3,1792
Houston (HHA),77032,2025,4,2303
Houston (HHA),77032,2025,5,2648
Houston (HHA),77032,2025,6,2994
Houston (HHA),77033,2025,0,1073
Houston (HHA),77033,2025,1,1135
Houston (HHA),77033,2025,2,1357
Houston (HHA),77033,2025,3,1792
Houston (HHA),77033,2025,4,2303
Houston (HHA),77033,2025,5,2648
Houston (HHA),77033,2025,6,2994
Houston (HHA),77034,2025,0,1073
Houston (HHA),77034,2025,1,1135
Houston (HHA),77034,2025,2,1357
Houston (HHA),77034,2025,3,1792
Houston (HHA),77034,2025,4,2303
Houston (HHA),77034,2025,5,2648
Houston (HHA),77034,2025,6,2994
Houston (HHA),77035,2025,0,1073
Houston (HHA),77035,2025,1,1135
Houston (HHA),77035,2025,2,1357
Houston (HHA),77035,2025,3,1792
Houston (HHA),77035,2025,4,2303
Houston (HHA),77035,2025,5,2648
Houston (HHA),77035,2025,6,2994
Houston (HHA),77036,2025,0,1073
Houston (HHA),77036,2025,1,1135
Houston (HHA),77036,2025,2,1357
Houston (HHA),77036,2025,3,1792
Houston (HHA),77036,2025,4,2303
Houston (HHA),77036,2025,5,2648
Houston (HHA),77036,2025,6,2994
Houston (HHA),77037,2025,0,1073
Houston (HHA),77037,2025,1,1135
Houston (HHA),77037,2025,2,1357
Houston (HHA),77037,2025,3,1792
Houston (HHA),77037,2025,4,2303
Houston (HHA),77037,2025,5,2648
Houston (HHA),77037,2025,6,2994
Houston (HHA),77038,2025,0,1073
Houston (HHA),77038,2025,1,1135
Houston (HHA),77038,2025,2,1357
Houston (HHA),77038,2025,3,1792
Houston (HHA),77038,2025,4,2303
Houston (HHA),77038,2025,5,2648
Houston (HHA),77038,2025,6,2994
Houston (HHA),77039,2025,0,1073
Houston (HHA),77039,2025,1,1135
Houston (HHA),77039,2025,2,1357
Houston (HHA),77039,2025,3,1792
Houston (HHA),77039,2025,4,2303
Houston (HHA),77039,2025,5,2648
Houston (HHA),77039,2025,6,2994
Houston (HHA),77040,2025,0,1073
Houston (HHA),77040,2025,1,1135
Houston (HHA),77040,2025,2,1357
Houston (HHA),77040,2025,3,1792
Houston (HHA),77040,2025,4,2303
Houston (HHA),77040,2025,5,2648
Houston (HHA),77040,2025,6,2994
Houston (HHA),77041,2025,0,1288
Houston (HHA),77041,2025,1,1362
Houston (HHA),77041,2025,2,1628
Houston (HHA),77041,2025,3,2150
Houston (HHA),77041,2025,4,2764
Houston (HHA),77041,2025,5,3179
Houston (HHA),77041,2025,6,3593
Houston (HHA),77042,2025,0,1073
Houston (HHA),77042,2025,1,1135
Houston (HHA),77042,2025,2,1357
Houston (HHA),77042,2025,3,1792
Houston (HHA),77042,2025,4,2303
Houston (HHA),77042,2025,5,2648
Houston (HHA),77042,2025,6,2994
Houston (HHA),77043,2025,0,1073
Houston (HHA),77043,2025,1,1135
Houston (HHA),77043,2025,2,1357
Houston (HHA),77043,2025,3,1792
Houston (HHA),77043,2025,4,2303
Houston (HHA),77043,2025,5,2648
Houston (HHA),77043,2025,6,2994
Houston (HHA),77044,2025,0,1288
Houston (HHA),77044,2025,1,1362
Houston (HHA),77044,2025,2,1628
Houston (HHA),77044,2025,3,2150
Houston (HHA),77044,2025,4,2764
Houston (HHA),77044,2025,5,3179
Houston (HHA),77044,2025,6,3593
Houston (HHA),77045,2025,0,1073
Houston (HHA),77045,2025,1,1135
Houston (HHA),77045,2025,2,1357
Houston (HHA),77045,2025,3,1792
Houston (HHA),77045,2025,4,2303
Houston (HHA),77045,2025,5,2648
Houston (HHA),77045,2025,6,2994
Houston (HHA),77046,2025,0,1288
Houston (HHA),77046,2025,1,1362
Houston (HHA),77046,2025,2,1628
Houston (HHA),77046,2025,3,2150
Houston (HHA),77046,2025,4,2764
Houston (HHA),77046,2025,5,3179
Houston (HHA),77046,2025,6,3593
Houston (HHA),77047,2025,0,1073
Houston (HHA),77047,2025,1,1135
Houston (HHA),77047,2025,2,1357
Houston (HHA),77047,2025,3,1792
Houston (HHA),77047,2025,4,2303
Houston (HHA),77047,2025,5,2648
Houston (HHA),77047,2025,6,2994
Houston (HHA),77048,2025,0,1073
Houston (HHA),77048,2025,1,1135
Houston (HHA),77048,2025,2,1357
Houston (HHA),77048,2025,3,1792
Houston (HHA),77048,2025,4,2303
Houston (HHA),77048,2025,5,2648
Houston (HHA),77048,2025,6,2994
Houston (HHA),77049,2025,0,1073
Houston (HHA),77049,2025,1,1135
Houston (HHA),77049,2025,2,1357
Houston (HHA),77049,2025,3,1792
Houston (HHA),77049,2025,4,2303
Houston (HHA),77049,2025,5,2648
Houston (HHA),77049,2025,6,2994
Houston (HHA),77050,2025,0,1073
Houston (HHA),77050,2025,1,1135
Houston (HHA),77050,2025,2,1357
Houston (HHA),77050,2025,3,1792
Houston (HHA),77050,2025,4,2303
Houston (HHA),77050,2025,5,2648
Houston (HHA),77050,2025,6,2994
Houston (HHA),77051,2025,0,1073
Houston (HHA),77051,2025,1,1135
Houston (HHA),77051,2025,2,1357
Houston (HHA),77051,2025,3,1792
Houston (HHA),77051,2025,4,2303
Houston (HHA),77051,2025,5,2648
Houston (HHA),77051,2025,6,2994
Houston (HHA),77053,2025,0,1073
Houston (HHA),77053,2025,1,1135
Houston (HHA),77053,2025,2,1357
Houston (HHA),77053,2025,3,1792
Houston (HHA),77053,2025,4,2303
Houston (HHA),77053,2025,5,2648
Houston (HHA),77053,2025,6,2994
Houston (HHA),77054,2025,0,1288
Houston (HHA),77054,2025,1,1362
Houston (HHA),77054,2025,2,1628
Houston (HHA),77054,2025,3,2150
Houston (HHA),77054,2025,4,2764
Houston (HHA),77054,2025,5,3179
Houston (HHA),77054,2025,6,3593
Houston (HHA),77055,2025,0,1073
Houston (HHA),77055,2025,1,1135
Houston (HHA),77055,2025,2,1357
Houston (HHA),77055,2025,3,1792
Houston (HHA),77055,2025,4,2303
Houston (HHA),77055,2025,5,2648
Houston (HHA),77055,2025,6,2994
Houston (HHA),77056,2025,0,1288
Houston (HHA),77056,2025,1,1362
Houston (HHA),77056,2025,2,1628
Houston (HHA),77056,2025,3,2150
Houston (HHA),77056,2025,4,2764
Houston (HHA),77056,2025,5,3179
Houston (HHA),77056,2025,6,3593
Houston (HHA),77057,2025,0,1073
Houston (HHA),77057,2025,1,1135
Houston (HHA),77057,2025,2,1357
Houston (HHA),77057,2025,3,1792
Houston (HHA),77057,2025,4,2303
Houston (HHA),77057,2025,5,2648
Houston (HHA),77057,2025,6,2994
Houston (HHA),77058,2025,0,1073
Houston (HHA),77058,2025,1,1135
Houston (HHA),77058,2025,2,1357
Houston (HHA),77058,2025,3,1792
Houston (HHA),77058,2025,4,2303
Houston (HHA),77058,2025,5,2648
Houston (HHA),77058,2025,6,2994
Houston (HHA),77059,2025,0,1288
Houston (HHA),77059,2025,1,1362
Houston (HHA),77059,2025,2,1628
Houston (HHA),77059,2025,3,2150
Houston (HHA),77059,2025,4,2764
Houston (HHA),77059,2025,5,3179
Houston (HHA),77059,2025,6,3593
Houston (HHA),77060,2025,0,1073
Houston (HHA),77060,2025,1,1135
Houston (HHA),77060,2025,2,1357
Houston (HHA),77060,2025,3,1792
Houston (HHA),77060,2025,4,2303
Houston (HHA),77060,2025,5,2648
Houston (HHA),77060,2025,6,2994
Houston (HHA),77061,2025,0,1073
Houston (HHA),77061,2025,1,1135
Houston (HHA),77061,2025,2,1357
Houston (HHA),77061,2025,3,1792
Houston (HHA),77061,2025,4,2303
Houston (HHA),77061,2025,5,2648
Houston (HHA),77061,2025,6,2994
Houston (HHA),77062,2025,0,1073
Houston (HHA),77062,2025,1,1135
Houston (HHA),77062,2025,2,1357
Houston (HHA),77062,2025,3,1792
Houston (HHA),77062,2025,4,2303
Houston (HHA),77062,2025,5,2648
Houston (HHA),77062,2025,6,2994
Houston (HHA),77063,2025,0,1073
Houston (HHA),77063,2025,1,1135
Houston (HHA),77063,2025,2,1357
Houston (HHA),77063,2025,3,1792
Houston (HHA),77063,2025,4,2303
Houston (HHA),77063,2025,5,2648
Houston (HHA),77063,2025,6,2994
Houston (HHA),77064,2025,0,1073
Houston (HHA),77064,2025,1,1135
Houston (HHA),77064,2025,2,1357
Houston (HHA),77064,2025,3,1792
Houston (HHA),77064,2025,4,2303
Houston (HHA),77064,2025,5,2648
Houston (HHA),77064,2025,6,2994
Houston (HHA),77065,2025,0,1073
Houston (HHA),77065,2025,1,1135
Houston (HHA),77065,2025,2,1357
Houston (HHA),77065,2025,3,1792
Houston (HHA),77065,2025,4,2303
Houston (HHA),77065,2025,5,2648
Houston (HHA),77065,2025,6,2994
Houston (HHA),77066,2025,0,1073
Houston (HHA),77066,2025,1,1135
Houston (HHA),77066,2025,2,1357
Houston (HHA),77066,2025,3,1792
Houston (HHA),77066,2025,4,2303
Houston (HHA),77066,2025,5,2648
Houston (HHA),77066,2025,6,2994
Houston (HHA),77067,2025,0,1073
Houston (HHA),77067,2025,1,1135
Houston (HHA),77067,2025,2,1357
Houston (HHA),77067,2025,3,1792
Houston (HHA),77067,2025,4,2303
Houston (HHA),77067,2025,5,2648
Houston (HHA),77067,2025,6,2994
Houston (HHA),77068,2025,0,1073
Houston (HHA),77068,2025,1,1135
Houston (HHA),77068,2025,2,1357
Houston (HHA),77068,2025,3,1792
Houston (HHA),77068,2025,4,2303
Houston (HHA),77068,2025,5,2648
Houston (HHA),77068,2025,6,2994
Houston (HHA),77069,2025,0,1073
Houston (HHA),77069,2025,1,1135
Houston (HHA),77069,2025,2,1357
Houston (HHA),77069,2025,3,1792
Houston (HHA),77069,2025,4,2303
Houston (HHA),77069,2025,5,2648
Houston (HHA),77069,2025,6,2994
Houston (HHA),77070,2025,0,1288
Houston (HHA),77070,2025,1,1362
Houston (HHA),77070,2025,2,1628
Houston (HHA),77070,2025,3,2150
Houston (HHA),77070,2025,4,2764
Houston (HHA),77070,2025,5,3179
Houston (HHA),77070,2025,6,3593
Houston (HHA),77071,2025,0,1073
Houston (HHA),77071,2025,1,1135
Houston (HHA),77071,2025,2,1357
Houston (HHA),77071,2025,3,1792
Houston (HHA),77071,2025,4,2303
Houston (HHA),77071,2025,5,2648
Houston (HHA),77071,2025,6,2994
Houston (HHA),77072,2025,0,1073
Houston (HHA),77072,2025,1,1135
Houston (HHA),77072,2025,2,1357
Houston (HHA),77072,2025,3,1792
Houston (HHA),77072,2025,4,2303
Houston (HHA),77072,2025,5,2648
Houston (HHA),77072,2025,6,2994
Houston (HHA),77073,2025,0,1073
Houston (HHA),77073,2025,1,1135
Houston (HHA),77073,2025,2,1357
Houston (HHA),77073,2025,3,1792
Houston (HHA),77073,2025,4,2303
Houston (HHA),77073,2025,5,2648
Houston (HHA),77073,2025,6,2994
Houston (HHA),77074,2025,0,1073
Houston (HHA),77074,2025,1,1135
Houston (HHA),77074,2025,2,1357
Houston (HHA),77074,2025,3,1792
Houston (HHA),77074,2025,4,2303
Houston (HHA),77074,2025,5,2648
Houston (HHA),77074,2025,6,2994
Houston (HHA),77075,2025,0,1073
Houston (HHA),77075,2025,1,1135
Houston (HHA),77075,2025,2,1357
Houston (HHA),77075,2025,3,1792
Houston (HHA),77075,2025,4,2303
Houston (HHA),77075,2025,5,2648
Houston (HHA),77075,2025,6,2994
Houston (HHA),77076,2025,0,1073
Houston (HHA),77076,2025,1,1135
Houston (HHA),77076,2025,2,1357
Houston (HHA),77076,2025,3,1792
Houston (HHA),77076,2025,4,2303
Houston (HHA),77076,2025,5,2648
Houston (HHA),77076,2025,6,2994
Houston (HHA),77077,2025,0,1288
Houston (HHA),77077,2025,1,1362
Houston (HHA),77077,2025,2,1628
Houston (HHA),77077,2025,3,2150
Houston (HHA),77077,2025,4,2764
Houston (HHA),77077,2025,5,3179
Houston (HHA),77077,2025,6,3593
Houston (HHA),77078,2025,0,1073
Houston (HHA),77078,2025,1,1135
Houston (HHA),77078,2025,2,1357
Houston (HHA),77078,2025,3,1792
Houston (HHA),77078,2025,4,2303
Houston (HHA),77078,2025,5,2648
Houston (HHA),77078,2025,6,2994
Houston (HHA),77079,2025,0,1288
Houston (HHA),77079,2025,1,1362
Houston (HHA),77079,2025,2,1628
Houston (HHA),77079,2025,3,2150
Houston (HHA),77079,2025,4,2764
Houston (HHA),77079,2025,5,3179
Houston (HHA),77079,2025,6,3593
Houston (HHA),77080,2025,0,1073
Houston (HHA),77080,2025,1,1135
Houston (HHA),77080,2025,2,1357
Houston (HHA),77080,2025,3,1792
Houston (HHA),77080,2025,4,2303
Houston (HHA),77080,2025,5,2648
Houston (HHA),77080,2025,6,2994
Houston (HHA),77081,2025,0,1073
Houston (HHA),77081,2025,1,1135
Houston (HHA),77081,2025,2,1357
Houston (HHA),77081,2025,3,1792
Houston (HHA),77081,2025,4,2303
Houston (HHA),77081,2025,5,2648
Houston (HHA),77081,2025,6,2994
Houston (HHA),77082,2025,0,1073
Houston (HHA),77082,2025,1,1135
Houston (HHA),77082,2025,2,1357
Houston (HHA),77082,2025,3,1792
Houston (HHA),77082,2025,4,2303
Houston (HHA),77082,2025,5,2648
Houston (HHA),77082,2025,6,2994
Houston (HHA),77083,2025,0,1073
Houston (HHA),77083,2025,1,1135
Houston (HHA),77083,2025,2,1357
Houston (HHA),77083,2025,3,1792
Houston (HHA),77083,2025,4,2303
Houston (HHA),77083,2025,5,2648
Houston (HHA),77083,2025,6,2994
Houston (HHA),77084,2025,0,1073
Houston (HHA),77084,2025,1,1135
Houston (HHA),77084,2025,2,1357
Houston (HHA),77084,2025,3,1792
Houston (HHA),77084,2025,4,2303
Houston (HHA),77084,2025,5,2648
Houston (HHA),77084,2025,6,2994
Houston (HHA),77085,2025,0,1073
Houston (HHA),77085,2025,1,1135
Houston (HHA),77085,2025,2,1357
Houston (HHA),77085,2025,3,1792
Houston (HHA),77085,2025,4,2303
Houston (HHA),77085,2025,5,2648
Houston (HHA),77085,2025,6,2994
Houston (HHA),77086,2025,0,1073
Houston (HHA),77086,2025,1,1135
Houston (HHA),77086,2025,2,1357
Houston (HHA),77086,2025,3,1792
Houston (HHA),77086,2025,4,2303
Houston (HHA),77086,2025,5,2648
Houston (HHA),77086,2025,6,2994
Houston (HHA),77087,2025,0,1073
Houston (HHA),77087,2025,1,1135
Houston (HHA),77087,2025,2,1357
Houston (HHA),77087,2025,3,1792
Houston (HHA),77087,2025,4,2303
Houston (HHA),77087,2025,5,2648
Houston (HHA),77087,2025,6,2994
Houston (HHA),77088,2025,0,1073
Houston (HHA),77088,2025,1,1135
Houston (HHA),77088,2025,2,1357
Houston (HHA),77088,2025,3,1792
Houston (HHA),77088,2025,4,2303
Houston (HHA),77088,2025,5,2648
Houston (HHA),77088,2025,6,2994
Houston (HHA),77089,2025,0,1073
Houston (HHA),77089,2025,1,1135
Houston (HHA),77089,2025,2,1357
Houston (HHA),77089,2025,3,1792
Houston (HHA),77089,2025,4,2303
Houston (HHA),77089,2025,5,2648
Houston (HHA),77089,2025,6,2994
Houston (HHA),77090,2025,0,1073
Houston (HHA),77090,2025,1,1135
Houston (HHA),77090,2025,2,1357
Houston (HHA),77090,2025,3,1792
Houston (HHA),77090,2025,4,2303
Houston (HHA),77090,2025,5,2648
Houston (HHA),77090,2025,6,2994
Houston (HHA),77091,2025,0,1073
Houston (HHA),77091,2025,1,1135
Houston (HHA),77091,2025,2,1357
Houston (HHA),77091,2025,3,1792
Houston (HHA),77091,2025,4,2303
Houston (HHA),77091,2025,5,2648
Houston (HHA),77091,2025,6,2994
Houston (HHA),77092,2025,0,1073
Houston (HHA),77092,2025,1,1135
Houston (HHA),77092,2025,2,1357
Houston (HHA),77092,2025,3,1792
Houston (HHA),77092,2025,4,2303
Houston (HHA),77092,2025,5,2648
Houston (HHA),77092,2025,6,2994
Houston (HHA),77093,2025,0,1073
Houston (HHA),77093,2025,1,1135
Houston (HHA),77093,2025,2,1357
Houston (HHA),77093,2025,3,1792
Houston (HHA),77093,2025,4,2303
Houston (HHA),77093,2025,5,2648
Houston (HHA),77093,2025,6,2994
Houston (HHA),77094,2025,0,1288
Houston (HHA),77094,2025,1,1362
Houston (HHA),77094,2025,2,1628
Houston (HHA),77094,2025,3,2150
Houston (HHA),77094,2025,4,2764
Houston (HHA),77094,2025,5,3179
Houston (HHA),77094,2025,6,3593
Houston (HHA),77095,2025,0,1073
Houston (HHA),77095,2025,1,1135
Houston (HHA),77095,2025,2,1357
Houston (HHA),77095,2025,3,1792
Houston (HHA),77095,2025,4,2303
Houston (HHA),77095,2025,5,2648
Houston (HHA),77095,2025,6,2994
Houston (HHA),77096,2025,0,1073
Houston (HHA),77096,2025,1,1135
Houston (HHA),77096,2025,2,1357
Houston (HHA),77096,2025,3,1792
Houston (HHA),77096,2025,4,2303
Houston (HHA),77096,2025,5,2648
Houston (HHA),77096,2025,6,2994
Houston (HHA),77098,2025,0,1288
Houston (HHA),77098,2025,1,1362
Houston (HHA),77098,2025,2,1628
Houston (HHA),77098,2025,3,2150
Houston (HHA),77098,2025,4,2764
Houston (HHA),77098,2025,5,3179
Houston (HHA),77098,2025,6,3593
Houston (HHA),77099,2025,0,1073
Houston (HHA),77099,2025,1,1135
Houston (HHA),77099,2025,2,1357
Houston (HHA),77099,2025,3,1792
Houston (HHA),77099,2025,4,2303
Houston (HHA),77099,2025,5,2648
Houston (HHA),77099,2025,6,2994
Houston (HHA),77302,2025,0,1073
Houston (HHA),77302,2025,1,1135
Houston (HHA),77302,2025,2,1357
Houston (HHA),77302,2025,3,1792
Houston (HHA),77302,2025,4,2303
Houston (HHA),77302,2025,5,2648
Houston (HHA),77302,2025,6,2994
Houston (HHA),77327,2025,0,1073
Houston (HHA),77327,2025,1,1135
Houston (HHA),77327,2025,2,1357
Houston (HHA),77327,2025,3,1792
Houston (HHA),77327,2025,4,2303
Houston (HHA),77327,2025,5,2648
Houston (HHA),77327,2025,6,2994
Houston (HHA),77336,2025,0,1073
Houston (HHA),77336,2025,1,1135
Houston (HHA),77336,2025,2,1357
Houston (HHA),77336,2025,3,1792
Houston (HHA),77336,2025,4,2303
Houston (HHA),77336,2025,5,2648
Houston (HHA),77336,2025,6,2994
Houston (HHA),77338,2025,0,1073
Houston (HHA),77338,2025,1,1135
Houston (HHA),77338,2025,2,1357
Houston (HHA),77338,2025,3,1792
Houston (HHA),77338,2025,4,2303
Houston (HHA),77338,2025,5,2648
Houston (HHA),77338,2025,6,2994
Houston (HHA),77339,2025,0,1288
Houston (HHA),77339,2025,1,1362
Houston (HHA),77339,2025,2,1628
Houston (HHA),77339,2025,3,2150
Houston (HHA),77339,2025,4,2764
Houston (HHA),77339,2025,5,3179
Houston (HHA),77339,2025,6,3593
Houston (HHA),77345,2025,0,1288
Houston (HHA),77345,2025,1,1362
Houston (HHA),77345,2025,2,1628
Houston (HHA),77345,2025,3,2150
Houston (HHA),77345,2025,4,2764
Houston (HHA),77345,2025,5,3179
Houston (HHA),77345,2025,6,3593
Houston (HHA),77346,2025,0,1288
Houston (HHA),77346,2025,1,1362
Houston (HHA),77346,2025,2,1628
Houston (HHA),77346,2025,3,2150
Houston (HHA),77346,2025,4,2764
Houston (HHA),77346,2025,5,3179
Houston (HHA),77346,2025,6,3593
Houston (HHA),77354,2025,0,1073
Houston (HHA),77354,2025,1,1135
Houston (HHA),77354,2025,2,1357
Houston (HHA),77354,2025,3,1792
Houston (HHA),77354,2025,4,2303
Houston (HHA),77354,2025,5,2648
Houston (HHA),77354,2025,6,2994
Houston (HHA),77355,2025,0,1073
Houston (HHA),77355,2025,1,1135
Houston (HHA),77355,2025,2,1357
Houston (HHA),77355,2025,3,1792
Houston (HHA),77355,2025,4,2303
Houston (HHA),77355,2025,5,2648
Houston (HHA),77355,2025,6,2994
Houston (HHA),77357,2025,0,1073
Houston (HHA),77357,2025,1,1135
Houston (HHA),77357,2025,2,1357
Houston (HHA),77357,2025,3,1792
Houston (HHA),77357,2025,4,2303
Houston (HHA),77357,2025,5,2648
Houston (HHA),77357,2025,6,2994
Houston (HHA),77362,2025,0,1288
Houston (HHA),77362,2025,1,1362
Houston (HHA),77362,2025,2,1628
Houston (HHA),77362,2025,3,2150
Houston (HHA),77362,2025,4,2764
Houston (HHA),77362,2025,5,3179
Houston (HHA),77362,2025,6,3593
Houston (HHA),77365,2025,0,1073
Houston (HHA),77365,2025,1,1135
Houston (HHA),77365,2025,2,1357
Houston (HHA),77365,2025,3,1792
Houston (HHA),77365,2025,4,2303
Houston (HHA),77365,2025,5,2648
Houston (HHA),77365,2025,6,2994
Houston (HHA),77373,2025,0,1073
Houston (HHA),77373,2025,1,1135
Houston (HHA),77373,2025,2,1357
Houston (HHA),77373,2025,3,1792
Houston (HHA),77373,2025,4,2303
Houston (HHA),77373,2025,5,2648
Houston (HHA),77373,2025,6,2994
Houston (HHA),77375,2025,0,1073
Houston (HHA),77375,2025,1,1135
Houston (HHA),77375,2025,2,1357
Houston (HHA),77375,2025,3,1792
Houston (HHA),77375,2025,4,2303
Houston (HHA),77375,2025,5,2648
Houston (HHA),77375,2025,6,2994
Houston (HHA),77377,2025,0,1288
Houston (HHA),77377,2025,1,1362
Houston (HHA),77377,2025,2,1628
Houston (HHA),77377,2025,3,2150
Houston (HHA),77377,2025,4,2764
Houston (HHA),77377,2025,5,3179
Houston (HHA),77377,2025,6,3593
Houston (HHA),77379,2025,0,1288
Houston (HHA),77379,2025,1,1362
Houston (HHA),77379,2025,2,1628
Houston (HHA),77379,2025,3,2150
Houston (HHA),77379,2025,4,2764
Houston (HHA),77379,2025,5,3179
Houston (HHA),77379,2025,6,3593
Houston (HHA),77380,2025,0,1288
Houston (HHA),77380,2025,1,1362
Houston (HHA),77380,2025,2,1628
Houston (HHA),77380,2025,3,2150
Houston (HHA),77380,2025,4,2764
Houston (HHA),77380,2025,5,3179
Houston (HHA),77380,2025,6,3593
Houston (HHA),77381,2025,0,1288
Houston (HHA),77381,2025,1,1362
Houston (HHA),77381,2025,2,1628
Houston (HHA),77381,2025,3,2150
Houston (HHA),77381,2025,4,2764
Houston (HHA),77381,2025,5,3179
Houston (HHA),77381,2025,6,3593
Houston (HHA),77382,2025,0,1288
Houston (HHA),77382,2025,1,1362
Houston (HHA),77382,2025,2,1628
Houston (HHA),77382,2025,3,2150
Houston (HHA),77382,2025,4,2764
Houston (HHA),77382,2025,5,3179
Houston (HHA),77382,2025,6,3593
Houston (HHA),77384,2025,0,1288
Houston (HHA),77384,2025,1,1362
Houston (HHA),77384,2025,2,1628
Houston (HHA),77384,2025,3,2150
Houston (HHA),77384,2025,4,2764
Houston (HHA),77384,2025,5,3179
Houston (HHA),77384,2025,6,3593
Houston (HHA),77385,2025,0,1288
Houston (HHA),77385,2025,1,1362
Houston (HHA),77385,2025,2,1628
Houston (HHA),77385,2025,3,2150
Houston (HHA),77385,2025,4,2764
Houston (HHA),77385,2025,5,3179
Houston (HHA),77385,2025,6,3593
Houston (HHA),77386,2025,0,1288
Houston (HHA),77386,2025,1,1362
Houston (HHA),77386,2025,2,1628
Houston (HHA),77386,2025,3,2150
Houston (HHA),77386,2025,4,2764
Houston (HHA),77386,2025,5,3179
Houston (HHA),77386,2025,6,3593
Houston (HHA),77388,2025,0,1288
Houston (HHA),77388,2025,1,1362
Houston (HHA),77388,2025,2,1628
Houston (HHA),77388,2025,3,2150
Houston (HHA),77388,2025,4,2764
Houston (HHA),77388,2025,5,3179
Houston (HHA),77388,2025,6,3593
Houston (HHA),77389,2025,0,1288
Houston (HHA),77389,2025,1,1362
Houston (HHA),77389,2025,2,1628
Houston (HHA),77389,2025,3,2150
Houston (HHA),77389,2025,4,2764
Houston (HHA),77389,2025,5,3179
Houston (HHA),77389,2025,6,3593
Houston (HHA),77396,2025,0,1073
Houston (HHA),77396,2025,1,1135
Houston (HHA),77396,2025,2,1357
Houston (HHA),77396,2025,3,1792
Houston (HHA),77396,2025,4,2303
Houston (HHA),77396,2025,5,2648
Houston (HHA),77396,2025,6,2994
Houston (HHA),77401,2025,0,1288
Houston (HHA),77401,2025,1,1362
Houston (HHA),77401,2025,2,1628
Houston (HHA),77401,2025,3,2150
Houston (HHA),77401,2025,4,2764
Houston (HHA),77401,2025,5,3179
Houston (HHA),77401,2025,6,3593
Houston (HHA),77423,2025,0,1073
Houston (HHA),77423,2025,1,1135
Houston (HHA),77423,2025,2,1357
Houston (HHA),77423,2025,3,1792
Houston (HHA),77423,2025,4,2303
Houston (HHA),77423,2025,5,2648
Houston (HHA),77423,2025,6,2994
Houston (HHA),77429,2025,0,1288
Houston (HHA),77429,2025,1,1362
Houston (HHA),77429,2025,2,1628
Houston (HHA),77429,2025,3,2150
Houston (HHA),77429,2025,4,2764
Houston (HHA),77429,2025,5,3179
Houston (HHA),77429,2025,6,3593
Houston (HHA),77433,2025,0,1288
Houston (HHA),77433,2025,1,1362
Houston (HHA),77433,2025,2,1628
Houston (HHA),77433,2025,3,2150
Houston (HHA),77433,2025,4,2764
Houston (HHA),77433,2025,5,3179
Houston (HHA),77433,2025,6,3593
Houston (HHA),77445,2025,0,1073
Houston (HHA),77445,2025,1,1135
Houston (HHA),77445,2025,2,1357
Houston (HHA),77445,2025,3,1792
Houston (HHA),77445,2025,4,2303
Houston (HHA),77445,2025,5,2648
Houston (HHA),77445,2025,6,2994
Houston (HHA),77447,2025,0,1073
Houston (HHA),77447,2025,1,1135
Houston (HHA),77447,2025,2,1357
Houston (HHA),77447,2025,3,1792
Houston (HHA),77447,2025,4,2303
Houston (HHA),77447,2025,5,2648
Houston (HHA),77447,2025,6,2994
Houston (HHA),77449,2025,0,1288
Houston (HHA),77449,2025,1,1362
Houston (HHA),77449,2025,2,1628
Houston (HHA),77449,2025,3,2150
Houston (HHA),77449,2025,4,2764
Houston (HHA),77449,2025,5,3179
Houston (HHA),77449,2025,6,3593
Houston (HHA),77450,2025,0,1288
Houston (HHA),77450,2025,1,1362
Houston (HHA),77450,2025,2,1628
Houston (HHA),77450,2025,3,2150
Houston (HHA),77450,2025,4,2764
Houston (HHA),77450,2025,5,3179
Houston (HHA),77450,2025,6,3593
Houston (HHA),77477,2025,0,1288
Houston (HHA),77477,2025,1,1362
Houston (HHA),77477,2025,2,1628
Houston (HHA),77477,2025,3,2150
Houston (HHA),77477,2025,4,2764
Houston (HHA),77477,2025,5,3179
Houston (HHA),77477,2025,6,3593
Houston (HHA),77489,2025,0,1288
Houston (HHA),77489,2025,1,1362
Houston (HHA),77489,2025,2,1628
Houston (HHA),77489,2025,3,2150
Houston (HHA),77489,2025,4,2764
Houston (HHA),77489,2025,5,3179
Houston (HHA),77489,2025,6,3593
Houston (HHA),77493,2025,0,1288
Houston (HHA),77493,2025,1,1362
Houston (HHA),77493,2025,2,1628
Houston (HHA),77493,2025,3,2150
Houston (HHA),77493,2025,4,2764
Houston (HHA),77493,2025,5,3179
Houston (HHA),77493,2025,6,3593
Houston (HHA),77503,2025,0,1073
Houston (HHA),77503,2025,1,1135
Houston (HHA),77503,2025,2,1357
Houston (HHA),77503,2025,3,1792
Houston (HHA),77503,2025,4,2303
Houston (HHA),77503,2025,5,2648
Houston (HHA),77503,2025,6,2994
Houston (HHA),77504,2025,0,1073
Houston (HHA),77504,2025,1,1135
Houston (HHA),77504,2025,2,1357
Houston (HHA),77504,2025,3,1792
Houston (HHA),77504,2025,4,2303
Houston (HHA),77504,2025,5,2648
Houston (HHA),77504,2025,6,2994
Houston (HHA),77506,2025,0,1073
Houston (HHA),77506,2025,1,1135
Houston (HHA),77506,2025,2,1357
Houston (HHA),77506,2025,3,1792
Houston (HHA),77506,2025,4,2303
Houston (HHA),77506,2025,5,2648
Houston (HHA),77506,2025,6,2994
Houston (HHA),77511,2025,0,1073
Houston (HHA),77511,2025,1,1135
Houston (HHA),77511,2025,2,1357
Houston (HHA),77511,2025,3,1792
Houston (HHA),77511,2025,4,2303
Houston (HHA),77511,2025,5,2648
Houston (HHA),77511,2025,6,2994
Houston (HHA),77520,2025,0,1073
Houston (HHA),77520,2025,1,1135
Houston (HHA),77520,2025,2,1357
Houston (HHA),77520,2025,3,1792
Houston (HHA),77520,2025,4,2303
Houston (HHA),77520,2025,5,2648
Houston (HHA),77520,2025,6,2994
Houston (HHA),77530,2025,0,1073
Houston (HHA),77530,2025,1,1135
Houston (HHA),77530,2025,2,1357
Houston (HHA),77530,2025,3,1792
Houston (HHA),77530,2025,4,2303
Houston (HHA),77530,2025,5,2648
Houston (HHA),77530,2025,6,2994
Houston (HHA),77532,2025,0,1073
Houston (HHA),77532,2025,1,1135
Houston (HHA),77532,2025,2,1357
Houston (HHA),77532,2025,3,1792
Houston (HHA),77532,2025,4,2303
Houston (HHA),77532,2025,5,2648
Houston (HHA),77532,2025,6,2994
Houston (HHA),77545,2025,0,1288
Houston (HHA),77545,2025,1,1362
Houston (HHA),77545,2025,2,1628
Houston (HHA),77545,2025,3,2150
Houston (HHA),77545,2025,4,2764
Houston (HHA),77545,2025,5,3179
Houston (HHA),77545,2025,6,3593
Houston (HHA),77546,2025,0,1288
Houston (HHA),77546,2025,1,1362
Houston (HHA),77546,2025,2,1628
Houston (HHA),77546,2025,3,2150
Houston (HHA),77546,2025,4,2764
Houston (HHA),77546,2025,5,3179
Houston (HHA),77546,2025,6,3593
Houston (HHA),77547,2025,0,1073
Houston (HHA),77547,2025,1,1135
Houston (HHA),77547,2025,2,1357
Houston (HHA),77547,2025,3,1792
Houston (HHA),77547,2025,4,2303
Houston (HHA),77547,2025,5,2648
Houston (HHA),77547,2025,6,2994
Houston (HHA),77562,2025,0,1073
Houston (HHA),77562,2025,1,1135
Houston (HHA),77562,2025,2,1357
Houston (HHA),77562,2025,3,1792
Houston (HHA),77562,2025,4,2303
Houston (HHA),77562,2025,5,2648
Houston (HHA),77562,2025,6,2994
Houston (HHA),77598,2025,0,1073
Houston (HHA),77598,2025,1,1135
Houston (HHA),77598,2025,2,1357
Houston (HHA),77598,2025,3,1792
Houston (HHA),77598,2025,4,2303
Houston (HHA),77598,2025,5,2648
Houston (HHA),77598,2025,6,2994
Johnson,76009,2025,0,1210
Johnson,76009,2025,1,1290
Johnson,76009,2025,2,1500
Johnson,76009,2025,3,1980
Johnson,76009,2025,4,2420
Johnson,76009,2025,5,2783
Johnson,76009,2025,6,3146
Johnson,76028,2025,0,1400
Johnson,76028,2025,1,1490
Johnson,76028,2025,2,1740
Johnson,76028,2025,3,2300
Johnson,76028,2025,4,2810
Johnson,76028,2025,5,3232
Johnson,76028,2025,6,3653
Johnson,76031,2025,0,1120
Johnson,76031,2025,1,1190
Johnson,76031,2025,2,1390
Johnson,76031,2025,3,1840
Johnson,76031,2025,4,2240
Johnson,76031,2025,5,2576
Johnson,76031,2025,6,2912
Johnson,76036,2025,0,1630
Johnson,76036,2025,1,1740
Johnson,76036,2025,2,2030
Johnson,76036,2025,3,2690
Johnson,76036,2025,4,3280
Johnson,76036,2025,5,3772
Johnson,76036,2025,6,4264
Johnson,76058,2025,0,1310
Johnson,76058,2025,1,1400
Johnson,76058,2025,2,1630
Johnson,76058,2025,3,2160
Johnson,76058,2025,4,2630
Johnson,76058,2025,5,3025
Johnson,76058,2025,6,3419
Johnson,76059,2025,0,990
Johnson,76059,2025,1,1050
Johnson,76059,2025,2,1230
Johnson,76059,2025,3,1630
Johnson,76059,2025,4,1990
Johnson,76059,2025,5,2289
Johnson,76059,2025,6,2587
Johnson,76061,2025,0,1300
Johnson,76061,2025,1,1390
Johnson,76061,2025,2,1620
Johnson,76061,2025,3,2140
Johnson,76061,2025,4,2610
Johnson,76061,2025,5,3002
Johnson,76061,2025,6,3393
Johnson,76070,2025,0,1070
Johnson,76070,2025,1,1170
Johnson,76070,2025,2,1360
Johnson,76070,2025,3,1800
Johnson,76070,2025,4,2200
Johnson,76070,2025,5,2530
Johnson,76070,2025,6,2860
Johnson,76097,2025,0,1290
Johnson,76097,2025,1,1370
Johnson,76097,2025,2,1600
Johnson,76097,2025,3,2120
Johnson,76097,2025,4,2580
Johnson,76097,2025,5,2967
Johnson,76097,2025,6,3354
Karnes,78062,2025,0,770
Karnes,78062,2025,1,860
Karnes,78062,2025,2,1130
Karnes,78062,2025,3,1400
Karnes,78062,2025,4,1670
Karnes,78062,2025,5,1921
Karnes,78062,2025,6,2171
Karnes,78111,2025,0,770
Karnes,78111,2025,1,860
Karnes,78111,2025,2,1130
Karnes,78111,2025,3,1400
Karnes,78111,2025,4,1670
Karnes,78111,2025,5,1921
Karnes,78111,2025,6,2171
Karnes,78116,2025,0,740
Karnes,78116,2025,1,860
Karnes,78116,2025,2,1030
Karnes,78116,2025,3,1340
Karnes,78116,2025,4,1510
Karnes,78116,2025,5,1737
Karnes,78116,2025,6,1963
Karnes,78117,2025,0,790
Karnes,78117,2025,1,880
Karnes,78117,2025,2,1130
Karnes,78117,2025,3,1410
Karnes,78117,2025,4,1670
Karnes,78117,2025,5,1921
Karnes,78117,2025,6,2171
Karnes,78144,2025,0,730
Karnes,78144,2025,1,860
Karnes,78144,2025,2,1010
Karnes,78144,2025,3,1290
Karnes,78144,2025,4,1490
Karnes,78144,2025,5,1714
Karnes,78144,2025,6,1937
Kendall,78004,2025,0,1270
Kendall,78004,2025,1,1400
Kendall,78004,2025,2,1710
Kendall,78004,2025,3,2220
Kendall,78004,2025,4,2410
Kendall,78004,2025,5,2772
Kendall,78004,2025,6,3133
Kendall,78013,2025,0,1110
Kendall,78013,2025,1,1230
Kendall,78013,2025,2,1510
Kendall,78013,2025,3,1990
Kendall,78013,2025,4,2250
Kendall,78013,2025,5,2588
Kendall,78013,2025,6,2925
Kendall,78074,2025,0,1110
Kendall,78074,2025,1,1230
Kendall,78074,2025,2,1520
Kendall,78074,2025,3,1990
Kendall,78074,2025,4,2250
Kendall,78074,2025,5,2588
Kendall,78074,2025,6,2925
Kerr,76849,2025,0,820
Kerr,76849,2025,1,850
Kerr,76849,2025,2,1050
Kerr,76849,2025,3,1400
Kerr,76849,2025,4,1700
Kerr,76849,2025,5,1955
Kerr,76849,2025,6,2210
Kerr,78024,2025,0,820
Kerr,78024,2025,1,850
Kerr,78024,2025,2,1050
Kerr,78024,2025,3,1400
Kerr,78024,2025,4,1700
Kerr,78024,2025,5,1955
Kerr,78024,2025,6,2210
Kerr,78025,2025,0,820
Kerr,78025,2025,1,850
Kerr,78025,2025,2,1050
Kerr,78025,2025,3,1400
Kerr,78025,2025,4,1700
Kerr,78025,2025,5,1955
Kerr,78025,2025,6,2210
Kerr,78029,2025,0,860
Kerr,78029,2025,1,930
Kerr,78029,2025,2,1100
Kerr,78029,2025,3,1500
Kerr,78029,2025,4,1700
Kerr,78029,2025,5,1955
Kerr,78029,2025,6,2210
Lee,76578,2025,0,1370
Lee,76578,2025,1,1480
Lee,76578,2025,2,1740
Lee,76578,2025,3,2230
Lee,76578,2025,4,2560
Lee,76578,2025,5,2944
Lee,76578,2025,6,3328
Lee,77853,2025,0,850
Lee,77853,2025,1,910
Lee,77853,2025,2,1090
Lee,77853,2025,3,1310
Lee,77853,2025,4,1440
Lee,77853,2025,5,1656
Lee,77853,2025,6,1872
Lee,78947,2025,0,970
Lee,78947,2025,1,990
Lee,78947,2025,2,1230
Lee,78947,2025,3,1510
Lee,78947,2025,4,1630
Lee,78947,2025,5,1875
Lee,78947,2025,6,2119
Lee,78948,2025,0,900
Lee,78948,2025,1,930
Lee,78948,2025,2,1150
Lee,78948,2025,3,1410
Lee,78948,2025,4,1530
Lee,78948,2025,5,1760
Lee,78948,2025,6,1989
Llano,76831,2025,0,810
Llano,76831,2025,1,810
Llano,76831,2025,2,1060
Llano,76831,2025,3,1290
Llano,76831,2025,4,1650
Llano,76831,2025,5,1898
Llano,76831,2025,6,2145
Llano,76869,2025,0,810
Llano,76869,2025,1,810
Llano,76869,2025,2,1060
Llano,76869,2025,3,1370
Llano,76869,2025,4,1690
Llano,76869,2025,5,1944
Llano,76869,2025,6,2197
Llano,76885,2025,0,810
Llano,76885,2025,1,820
Llano,76885,2025,2,1070
Llano,76885,2025,3,1400
Llano,76885,2025,4,1740
Llano,76885,2025,5,2001
Llano,76885,2025,6,2262
Llano,78607,2025,0,810
Llano,78607,2025,1,810
Llano,78607,2025,2,1060
Llano,78607,2025,3,1310
Llano,78607,2025,4,1650
Llano,78607,2025,5,1898
Llano,78607,2025,6,2145
Llano,78609,2025,0,810
Llano,78609,2025,1,810
Llano,78609,2025,2,1060
Llano,78609,2025,3,1290
Llano,78609,2025,4,1650
Llano,78609,2025,5,1898
Llano,78609,2025,6,2145
Llano,78643,2025,0,810
Llano,78643,2025,1,810
Llano,78643,2025,2,1060
Llano,78643,2025,3,1310
Llano,78643,2025,4,1650
Llano,78643,2025,5,1898
Llano,78643,2025,6,2145
Llano,78672,2025,0,810
Llano,78672,2025,1,810
Llano,78672,2025,2,1060
Llano,78672,2025,3,1350
Llano,78672,2025,4,1650
Llano,78672,2025,5,1898
Llano,78672,2025,6,2145
McLennan,76640,2025,0,830
McLennan,76640,2025,1,970
McLennan,76640,2025,2,1210
McLennan,76640,2025,3,1560
McLennan,76640,2025,4,1600
McLennan,76640,2025,5,1840
McLennan,76640,2025,6,2080
McLennan,76643,2025,0,1230
McLennan,76643,2025,1,1450
McLennan,76643,2025,2,1800
McLennan,76643,2025,3,2320
McLennan,76643,2025,4,2390
McLennan,76643,2025,5,2749
McLennan,76643,2025,6,3107
McLennan,76654,2025,0,840
McLennan,76654,2025,1,990
McLennan,76654,2025,2,1230
McLennan,76654,2025,3,1590
McLennan,76654,2025,4,1630
McLennan,76654,2025,5,1875
McLennan,76654,2025,6,2119
McLennan,76684,2025,0,944
McLennan,76684,2025,1,1106
McLennan,76684,2025,2,1377
McLennan,76684,2025,3,1776
McLennan,76684,2025,4,1826
McLennan,76684,2025,5,2100
McLennan,76684,2025,6,2374
McLennan,76701,2025,0,1090
McLennan,76701,2025,1,1280
McLennan,76701,2025,2,1590
McLennan,76701,2025,3,2050
McLennan,76701,2025,4,2110
McLennan,76701,2025,5,2427
McLennan,76701,2025,6,2743
McLennan,76702,2025,0,950
McLennan,76702,2025,1,1110
McLennan,76702,2025,2,1380
McLennan,76702,2025,3,1780
McLennan,76702,2025,4,1830
McLennan,76702,2025,5,2105
McLennan,76702,2025,6,2379
McLennan,76703,2025,0,950
McLennan,76703,2025,1,1110
McLennan,76703,2025,2,1380
McLennan,76703,2025,3,1780
McLennan,76703,2025,4,1830
McLennan,76703,2025,5,2105
McLennan,76703,2025,6,2379
McLennan,76704,2025,0,790
McLennan,76704,2025,1,910
McLennan,76704,2025,2,1140
McLennan,76704,2025,3,1470
McLennan,76704,2025,4,1520
McLennan,76704,2025,5,1748
McLennan,76704,2025,6,1976
McLennan,76705,2025,0,790
McLennan,76705,2025,1,920
McLennan,76705,2025,2,1140
McLennan,76705,2025,3,1470
McLennan,76705,2025,4,1520
McLennan,76705,2025,5,1748
McLennan,76705,2025,6,1976
McLennan,76707,2025,0,920
McLennan,76707,2025,1,1080
McLennan,76707,2025,2,1340
McLennan,76707,2025,3,1730
McLennan,76707,2025,4,1780
McLennan,76707,2025,5,2047
McLennan,76707,2025,6,2314
McLennan,76708,2025,0,950
McLennan,76708,2025,1,1110
McLennan,76708,2025,2,1380
McLennan,76708,2025,3,1780
McLennan,76708,2025,4,1830
McLennan,76708,2025,5,2105
McLennan,76708,2025,6,2379
McLennan,76710,2025,0,890
McLennan,76710,2025,1,1040
McLennan,76710,2025,2,1300
McLennan,76710,2025,3,1680
McLennan,76710,2025,4,1720
McLennan,76710,2025,5,1978
McLennan,76710,2025,6,2236
McLennan,76711,2025,0,1170
McLennan,76711,2025,1,1370
McLennan,76711,2025,2,1700
McLennan,76711,2025,3,2190
McLennan,76711,2025,4,2250
McLennan,76711,2025,5,2588
McLennan,76711,2025,6,2925
McLennan,76712,2025,0,1100
McLennan,76712,2025,1,1290
McLennan,76712,2025,2,1610
McLennan,76712,2025,3,2080
McLennan,76712,2025,4,2130
McLennan,76712,2025,5,2450
McLennan,76712,2025,6,2769
McLennan,76714,2025,0,950
McLennan,76714,2025,1,1110
McLennan,76714,2025,2,1380
McLennan,76714,2025,3,1780
McLennan,76714,2025,4,1830
McLennan,76714,2025,5,2105
McLennan,76714,2025,6,2379
McLennan,76716,2025,0,950
McLennan,76716,2025,1,1110
McLennan,76716,2025,2,1380
McLennan,76716,2025,3,1780
McLennan,76716,2025,4,1830
McLennan,76716,2025,5,2105
McLennan,76716,2025,6,2379
McLennan,76797,2025,0,944
McLennan,76797,2025,1,1106
McLennan,76797,2025,2,1377
McLennan,76797,2025,3,1776
McLennan,76797,2025,4,1826
McLennan,76797,2025,5,2100
McLennan,76797,2025,6,2374
McLennan,76798,2025,0,910
McLennan,76798,2025,1,1060
McLennan,76798,2025,2,1320
McLennan,76798,2025,3,1700
McLennan,76798,2025,4,1750
McLennan,76798,2025,5,2013
McLennan,76798,2025,6,2275
McLennan,76799,2025,0,944
McLennan,76799,2025,1,1106
McLennan,76799,2025,2,1377
McLennan,76799,2025,3,1776
McLennan,76799,2025,4,1826
McLennan,76799,2025,5,2100
McLennan,76799,2025,6,2374
McMullen,78007,2025,0,820
McMullen,78007,2025,1,890
McMullen,78007,2025,2,1070
McMullen,78007,2025,3,1390
McMullen,78007,2025,4,1540
McMullen,78007,2025,5,1771
McMullen,78007,2025,6,2002
McMullen,78072,2025,0,860
McMullen,78072,2025,1,880
McMullen,78072,2025,2,1090
McMullen,78072,2025,3,1420
McMullen,78072,2025,4,1630
McMullen,78072,2025,5,1875
McMullen,78072,2025,6,2119
Medina,78056,2025,0,1110
Medina,78056,2025,1,1210
Medina,78056,2025,2,1500
Medina,78056,2025,3,1920
Medina,78056,2025,4,2170
Medina,78056,2025,5,2496
Medina,78056,2025,6,2821
Medina,78059,2025,0,800
Medina,78059,2025,1,820
Medina,78059,2025,2,1080
Medina,78059,2025,3,1430
Medina,78059,2025,4,1430
Medina,78059,2025,5,1645
Medina,78059,2025,6,1859
Medina,78066,2025,0,1140
Medina,78066,2025,1,1220
Medina,78066,2025,2,1540
Medina,78066,2025,3,2000
Medina,78066,2025,4,2180
Medina,78066,2025,5,2507
Medina,78066,2025,6,2834
Medina,78850,2025,0,830
Medina,78850,2025,1,850
Medina,78850,2025,2,1110
Medina,78850,2025,3,1460
Medina,78850,2025,4,1570
Medina,78850,2025,5,1806
Medina,78850,2025,6,2041
Medina,78861,2025,0,910
Medina,78861,2025,1,940
Medina,78861,2025,2,1230
Medina,78861,2025,3,1620
Medina,78861,2025,4,1630
Medina,78861,2025,5,1875
Medina,78861,2025,6,2119
Medina,78886,2025,0,880
Medina,78886,2025,1,900
Medina,78886,2025,2,1180
Medina,78886,2025,3,1550
Medina,78886,2025,4,1610
Medina,78886,2025,5,1852
Medina,78886,2025,6,2093
Waller,77446,2025,0,1000
Waller,77446,2025,1,1050
Waller,77446,2025,2,1250
Waller,77446,2025,3,1670
Waller,77446,2025,4,2100
Waller,77446,2025,5,2415
Waller,77446,2025,6,2730
Waller,77466,2025,0,1130
Waller,77466,2025,1,1180
Waller,77466,2025,2,1400
Waller,77466,2025,3,1870
Waller,77466,2025,4,2340
Waller,77466,2025,5,2691
Waller,77466,2025,6,3042
Wharton,77432,2025,0,770
Wharton,77432,2025,1,780
Wharton,77432,2025,2,990
Wharton,77432,2025,3,1370
Wharton,77432,2025,4,1560
Wharton,77432,2025,5,1794
Wharton,77432,2025,6,2028
Wharton,77436,2025,0,790
Wharton,77436,2025,1,800
Wharton,77436,2025,2,1010
Wharton,77436,2025,3,1380
Wharton,77436,2025,4,1560
Wharton,77436,2025,5,1794
Wharton,77436,2025,6,2028
Wharton,77437,2025,0,790
Wharton,77437,2025,1,790
Wharton,77437,2025,2,1040
Wharton,77437,2025,3,1360
Wharton,77437,2025,4,1760
Wharton,77437,2025,5,2024
Wharton,77437,2025,6,2288
Wharton,77443,2025,0,770
Wharton,77443,2025,1,780
Wharton,77443,2025,2,1000
Wharton,77443,2025,3,1400
Wharton,77443,2025,4,1550
Wharton,77443,2025,5,1783
Wharton,77443,2025,6,2015
Wharton,77448,2025,0,820
Wharton,77448,2025,1,830
Wharton,77448,2025,2,1050
Wharton,77448,2025,3,1470
Wharton,77448,2025,4,1650
Wharton,77448,2025,5,1898
Wharton,77448,2025,6,2145
Wharton,77453,2025,0,770
Wharton,77453,2025,1,780
Wharton,77453,2025,2,990
Wharton,77453,2025,3,1390
Wharton,77453,2025,4,1540
Wharton,77453,2025,5,1771
Wharton,77453,2025,6,2002
Wharton,77454,2025,0,760
Wharton,77454,2025,1,760
Wharton,77454,2025,2,980
Wharton,77454,2025,3,1370
Wharton,77454,2025,4,1520
Wharton,77454,2025,5,1748
Wharton,77454,2025,6,1976
Wharton,77467,2025,0,760
Wharton,77467,2025,1,760
Wharton,77467,2025,2,980
Wharton,77467,2025,3,1370
Wharton,77467,2025,4,1520
Wharton,77467,2025,5,1748
Wharton,77467,2025,6,1976
Wharton,77488,2025,0,770
Wharton,77488,2025,1,780
Wharton,77488,2025,2,1000
Wharton,77488,2025,3,1400
Wharton,77488,2025,4,1550
Wharton,77488,2025,5,1783
Wharton,77488,2025,6,2015
Wilson,78143,2025,0,860
Wilson,78143,2025,1,950
Wilson,78143,2025,2,1170
Wilson,78143,2025,3,1520
Wilson,78143,2025,4,1740
Wilson,78143,2025,5,2001
Wilson,78143,2025,6,2262
Wilson,78147,2025,0,1030
Wilson,78147,2025,1,1140
Wilson,78147,2025,2,1390
Wilson,78147,2025,3,1770
Wilson,78147,2025,4,2080
Wilson,78147,2025,5,2392
Wilson,78147,2025,6,2704
Wilson,78160,2025,0,930
Wilson,78160,2025,1,1030
Wilson,78160,2025,2,1250
Wilson,78160,2025,3,1590
Wilson,78160,2025,4,1870
Wilson,78160,2025,5,2151
Wilson,78160,2025,6,2431
Wilson,78161,2025,0,1030
Wilson,78161,2025,1,1140
Wilson,78161,2025,2,1380
Wilson,78161,2025,3,1760
Wilson,78161,2025,4,2070
Wilson,78161,2025,5,2381
Wilson,78161,2025,6,2691
Wise,76073,2025,0,960
Wise,76073,2025,1,990
Wise,76073,2025,2,1180
Wise,76073,2025,3,1650
Wise,76073,2025,4,1880
Wise,76073,2025,5,2162
Wise,76073,2025,6,2444
Wise,76246,2025,0,980
Wise,76246,2025,1,1010
Wise,76246,2025,2,1200
Wise,76246,2025,3,1680
Wise,76246,2025,4,1920
Wise,76246,2025,5,2208
Wise,76246,2025,6,2496
Wise,76267,2025,0,1000
Wise,76267,2025,1,1030
Wise,76267,2025,2,1220
Wise,76267,2025,3,1710
Wise,76267,2025,4,1950
Wise,76267,2025,5,2243
Wise,76267,2025,6,2535
