region,provider_type,provider_rating,age_0_11m_ft,age_0_11m_pt,age_12_17m_ft,age_12_17m_pt,age_18_23m_ft,age_18_23m_pt,age_2yr_ft,age_2yr_pt,age_3yr_ft,age_3yr_pt,age_4yr_ft,age_4yr_pt,age_5yr_ft,age_5yr_pt,age_6_13yr_ft,age_6_13yr_pt,age_4yr_bt,age_5yr_bt,age_6_13yr_bt
ALAMO,LCCC,REG,46.00,42.40,45.40,42.00,44.40,40.80,43.80,40.20,43.00,36.80,42.20,36.00,41.20,35.00,40.80,34.80,36.91,35.91,35.68
ALAMO,LCCC,TRS2,48.31,44.53,47.68,44.11,46.63,42.85,46.00,42.22,45.16,38.65,44.32,37.81,43.27,36.76,42.85,36.55,38.76,37.71,37.47
ALAMO,LCCC,TRS3,49.29,45.43,48.64,45.00,47.57,43.72,46.93,43.07,46.07,39.43,45.22,38.57,44.14,37.50,43.72,37.29,39.54,38.47,38.23
ALAMO,LCCC,TRS4,50.29,46.35,49.62,45.91,48.53,44.60,47.88,43.94,47.00,40.23,46.13,39.35,45.03,38.26,44.60,38.04,40.34,39.25,39.00
ALAMO,LCCC,TSR,48.31,44.53,47.68,44.11,46.63,42.85,46.00,42.22,45.16,38.65,44.32,37.81,43.27,36.76,42.85,36.55,38.76,37.71,37.47
ALAMO,LCCH,REG,44.00,39.00,44.00,38.40,41.80,38.00,41.60,37.60,41.20,36.80,40.60,36.00,39.80,35.20,39.40,35.20,36.67,35.87,35.81
ALAMO,LCCH,TRS2,46.21,40.96,46.21,40.33,43.90,39.91,43.69,39.49,43.27,38.65,42.64,37.81,41.80,36.97,41.38,36.97,38.52,37.68,37.62
ALAMO,LCCH,TRS3,47.14,41.79,47.14,41.15,44.79,40.72,44.57,40.29,44.14,39.43,43.50,38.57,42.65,37.72,42.22,37.72,39.29,38.44,38.38
ALAMO,LCCH,TRS4,48.09,42.63,48.09,41.98,45.70,41.54,45.47,41.10,45.03,40.23,44.38,39.35,43.51,38.48,43.07,38.48,40.09,39.22,39.15
ALAMO,LCCH,TSR,46.21,40.96,46.21,40.33,43.90,39.91,43.69,39.49,43.27,38.65,42.64,37.81,41.80,36.97,41.38,36.97,38.52,37.68,37.62
ALAMO,RCCH,REG,44.00,36.40,44.00,36.20,40.20,36.60,40.80,36.20,39.00,34.80,38.80,32.80,38.40,33.00,35.40,33.00,33.68,33.79,33.35
ALAMO,RCCH,TRS2,46.21,38.23,46.21,38.02,42.22,38.44,42.85,38.02,40.96,36.55,40.75,34.45,40.33,34.66,37.18,34.66,35.37,35.49,35.03
ALAMO,RCCH,TRS3,47.14,39.00,47.14,38.79,43.07,39.22,43.72,38.79,41.79,37.29,41.57,35.15,41.15,35.36,37.93,35.36,36.09,36.21,35.74
ALAMO,RCCH,TRS4,48.09,39.79,48.09,39.57,43.94,40.01,44.60,39.57,42.63,38.04,42.41,35.86,41.98,36.08,38.70,36.08,36.82,36.94,36.46
ALAMO,RCCH,TSR,46.21,38.23,46.21,38.02,42.22,38.44,42.85,38.02,40.96,36.55,40.75,34.45,40.33,34.66,37.18,34.66,35.37,35.49,35.03
ALAMO,RELATIVE,REG,18.61,15.19,18.61,15.19,17.93,14.46,17.93,14.46,13.84,12.19,13.84,12.19,13.84,12.19,13.84,9.68,12.43,12.43,10.29
BORDERPLEX,LCCC,REG,37.20,34.30,37.20,34.30,33.40,30.80,33.00,30.68,32.40,27.80,31.60,27.40,31.00,26.60,30.80,26.40,28.01,27.24,27.04
BORDERPLEX,LCCC,TRS2,39.07,36.02,39.07,36.02,35.08,32.35,34.66,32.22,34.03,29.20,33.19,28.78,32.56,27.94,32.35,27.73,29.43,28.62,28.41
BORDERPLEX,LCCC,TRS3,39.86,36.75,39.86,36.75,35.79,33.01,35.36,32.87,34.72,29.79,33.86,29.36,33.22,28.51,33.01,28.29,30.02,29.20,28.98
BORDERPLEX,LCCC,TRS4,40.67,37.49,40.67,37.49,36.51,33.68,36.08,33.54,35.42,30.39,34.55,29.96,33.89,29.09,33.68,28.86,30.63,29.79,29.57
BORDERPLEX,LCCC,TSR,39.07,36.02,39.07,36.02,35.08,32.35,34.66,32.22,34.03,29.20,33.19,28.78,32.56,27.94,32.35,27.73,29.43,28.62,28.41
BORDERPLEX,LCCH,REG,39.00,29.40,39.00,29.00,34.80,28.60,34.80,28.40,31.00,27.80,30.60,27.20,30.40,26.80,29.60,26.80,27.70,27.33,27.21
BORDERPLEX,LCCH,TRS2,40.96,30.88,40.96,30.46,36.55,30.04,36.55,29.83,32.56,29.20,32.14,28.57,31.93,28.15,31.09,28.15,29.09,28.70,28.58
BORDERPLEX,LCCH,TRS3,41.79,31.51,41.79,31.08,37.29,30.65,37.29,30.43,33.22,29.79,32.79,29.15,32.58,28.72,31.72,28.72,29.68,29.28,29.16
BORDERPLEX,LCCH,TRS4,42.63,32.15,42.63,31.71,38.04,31.27,38.04,31.05,33.89,30.39,33.45,29.74,33.24,29.30,32.36,29.30,30.28,29.88,29.75
BORDERPLEX,LCCH,TSR,40.96,30.88,40.96,30.46,36.55,30.04,36.55,29.83,32.56,29.20,32.14,28.57,31.93,28.15,31.09,28.15,29.09,28.70,28.58
BORDERPLEX,RCCH,REG,39.00,27.60,39.00,27.40,34.80,27.80,34.80,27.40,30.40,26.40,30.40,25.00,30.40,25.00,26.80,25.00,25.79,25.79,25.26
BORDERPLEX,RCCH,TRS2,40.96,28.99,40.96,28.78,36.55,29.20,36.55,28.78,31.93,27.73,31.93,26.26,31.93,26.26,28.15,26.26,27.09,27.09,26.54
BORDERPLEX,RCCH,TRS3,41.79,29.58,41.79,29.36,37.29,29.79,37.29,29.36,32.58,28.29,32.58,26.79,32.58,26.79,28.72,26.79,27.64,27.64,27.07
BORDERPLEX,RCCH,TRS4,42.63,30.18,42.63,29.96,38.04,30.39,38.04,29.96,33.24,28.86,33.24,27.33,33.24,27.33,29.30,27.33,28.19,28.19,27.62
BORDERPLEX,RCCH,TSR,40.96,28.99,40.96,28.78,36.55,29.20,36.55,28.78,31.93,27.73,31.93,26.26,31.93,26.26,28.15,26.26,27.09,27.09,26.54
BORDERPLEX,RELATIVE,REG,24.80,23.20,24.80,23.20,23.80,22.40,23.80,22.40,22.80,20.00,22.80,20.00,22.80,20.00,20.20,19.60,20.41,20.41,19.69
BRAZOS_VALLEY,LCCC,REG,43.20,39.73,43.20,39.73,38.60,35.71,38.60,35.71,36.40,31.20,35.60,30.60,34.80,29.80,34.60,29.40,31.33,30.53,30.16
BRAZOS_VALLEY,LCCC,TRS2,45.37,41.73,45.37,41.73,40.54,37.50,40.54,37.50,38.23,32.77,37.39,32.14,36.55,31.30,36.34,30.88,32.91,32.07,31.68
BRAZOS_VALLEY,LCCC,TRS3,46.29,42.57,46.29,42.57,41.36,38.26,41.36,38.26,39.00,33.43,38.15,32.79,37.29,31.93,37.08,31.51,33.57,32.71,32.33
BRAZOS_VALLEY,LCCC,TRS4,47.23,43.43,47.23,43.43,42.20,39.03,42.20,39.03,39.79,34.11,38.92,33.45,38.04,32.58,37.83,32.15,34.25,33.38,32.98
BRAZOS_VALLEY,LCCC,TSR,45.37,41.73,45.37,41.73,40.54,37.50,40.54,37.50,38.23,32.77,37.39,32.14,36.55,31.30,36.34,30.88,32.91,32.07,31.68
BRAZOS_VALLEY,LCCH,REG,39.00,33.00,39.00,32.60,35.40,32.20,35.20,31.80,34.80,31.20,34.40,30.60,33.60,29.80,33.20,29.80,31.16,30.36,30.30
BRAZOS_VALLEY,LCCH,TRS2,40.96,34.66,40.96,34.24,37.18,33.82,36.97,33.40,36.55,32.77,36.13,32.14,35.29,31.30,34.87,31.30,32.72,31.88,31.82
BRAZOS_VALLEY,LCCH,TRS3,41.79,35.36,41.79,34.93,37.93,34.50,37.72,34.08,37.29,33.43,36.86,32.79,36.00,31.93,35.58,31.93,33.39,32.53,32.46
BRAZOS_VALLEY,LCCH,TRS4,42.63,36.08,42.63,35.64,38.70,35.20,38.48,34.77,38.04,34.11,37.61,33.45,36.73,32.58,36.30,32.58,34.06,33.19,33.12
BRAZOS_VALLEY,LCCH,TSR,40.96,34.66,40.96,34.24,37.18,33.82,36.97,33.40,36.55,32.77,36.13,32.14,35.29,31.30,34.87,31.30,32.72,31.88,31.82
BRAZOS_VALLEY,RCCH,REG,39.00,30.80,39.00,31.20,34.80,31.00,34.80,30.60,33.00,29.60,32.80,27.80,32.60,28.00,30.00,28.00,28.53,28.67,28.29
BRAZOS_VALLEY,RCCH,TRS2,40.96,32.35,40.96,32.77,36.55,32.56,36.55,32.14,34.66,31.09,34.45,29.20,34.24,29.41,31.51,29.41,29.97,30.12,29.72
BRAZOS_VALLEY,RCCH,TRS3,41.79,33.01,41.79,33.43,37.29,33.22,37.29,32.79,35.36,31.72,35.15,29.79,34.93,30.01,32.15,30.01,30.57,30.73,30.32
BRAZOS_VALLEY,RCCH,TRS4,42.63,33.68,42.63,34.11,38.04,33.89,38.04,33.45,36.08,32.36,35.86,30.39,35.64,30.62,32.80,30.62,31.19,31.35,30.94
BRAZOS_VALLEY,RCCH,TSR,40.96,32.35,40.96,32.77,36.55,32.56,36.55,32.14,34.66,31.09,34.45,29.20,34.24,29.41,31.51,29.41,29.97,30.12,29.72
BRAZOS_VALLEY,RELATIVE,REG,12.76,12.76,12.76,12.76,12.56,9.42,12.56,9.42,11.51,8.37,11.51,8.37,11.51,8.37,10.47,5.23,8.83,8.83,6.00
CAMERON_COUNTY,LCCC,REG,44.20,41.40,43.60,41.00,43.00,40.20,42.40,39.60,41.80,37.00,41.00,36.40,40.40,35.60,40.20,35.40,37.07,36.30,36.10
CAMERON_COUNTY,LCCC,TRS2,46.42,43.48,45.79,43.06,45.16,42.22,44.53,41.59,43.90,38.86,43.06,38.23,42.43,37.39,42.22,37.18,38.94,38.13,37.92
CAMERON_COUNTY,LCCC,TRS3,47.36,44.36,46.72,43.93,46.07,43.07,45.43,42.43,44.79,39.65,43.93,39.00,43.29,38.15,43.07,37.93,39.72,38.90,38.68
CAMERON_COUNTY,LCCC,TRS4,48.32,45.26,47.66,44.82,47.00,43.94,46.35,43.29,45.70,40.45,44.82,39.79,44.17,38.92,43.94,38.70,40.53,39.69,39.47
CAMERON_COUNTY,LCCC,TSR,46.42,43.48,45.79,43.06,45.16,42.22,44.53,41.59,43.90,38.86,43.06,38.23,42.43,37.39,42.22,37.18,38.94,38.13,37.92
CAMERON_COUNTY,LCCH,REG,41.80,38.80,41.40,38.20,40.80,37.80,40.80,37.60,40.40,37.00,40.00,36.40,39.20,35.80,39.00,35.80,36.93,36.30,36.27
CAMERON_COUNTY,LCCH,TRS2,43.90,40.75,43.48,40.12,42.85,39.70,42.85,39.49,42.43,38.86,42.01,38.23,41.17,37.60,40.96,37.60,38.78,38.12,38.09
CAMERON_COUNTY,LCCH,TRS3,44.79,41.57,44.36,40.93,43.72,40.50,43.72,40.29,43.29,39.65,42.86,39.00,42.00,38.36,41.79,38.36,39.56,38.89,38.86
CAMERON_COUNTY,LCCH,TRS4,45.70,42.41,45.26,41.76,44.60,41.32,44.60,41.10,44.17,40.45,43.73,39.79,42.85,39.14,42.63,39.14,40.37,39.68,39.65
CAMERON_COUNTY,LCCH,TSR,43.90,40.75,43.48,40.12,42.85,39.70,42.85,39.49,42.43,38.86,42.01,38.23,41.17,37.60,40.96,37.60,38.78,38.12,38.09
CAMERON_COUNTY,RCCH,REG,40.40,36.60,40.40,36.40,39.60,36.80,40.00,36.60,38.80,35.40,38.40,33.80,38.20,33.80,35.80,34.00,34.47,34.44,34.26
CAMERON_COUNTY,RCCH,TRS2,42.43,38.44,42.43,38.23,41.59,38.65,42.01,38.44,40.75,37.18,40.33,35.50,40.12,35.50,37.60,35.71,36.21,36.18,35.99
CAMERON_COUNTY,RCCH,TRS3,43.29,39.22,43.29,39.00,42.43,39.43,42.86,39.22,41.57,37.93,41.15,36.22,40.93,36.22,38.36,36.43,36.94,36.91,36.71
CAMERON_COUNTY,RCCH,TRS4,44.17,40.01,44.17,39.79,43.29,40.23,43.73,40.01,42.41,38.70,41.98,36.95,41.76,36.95,39.14,37.17,37.69,37.65,37.46
CAMERON_COUNTY,RCCH,TSR,42.43,38.44,42.43,38.23,41.59,38.65,42.01,38.44,40.75,37.18,40.33,35.50,40.12,35.50,37.60,35.71,36.21,36.18,35.99
CAMERON_COUNTY,RELATIVE,REG,8.87,8.87,8.87,8.87,8.79,6.70,8.79,6.70,7.69,6.70,7.69,6.70,7.69,6.70,6.37,5.49,6.84,6.84,5.62
CAPITAL_AREA,LCCC,REG,62.40,54.40,61.80,54.00,59.60,52.40,58.20,51.20,56.60,46.60,55.40,45.60,53.80,44.40,52.60,44.00,47.03,45.78,45.26
CAPITAL_AREA,LCCC,TRS2,65.53,57.13,64.90,56.71,62.59,55.03,61.12,53.77,59.44,48.94,58.18,47.89,56.50,46.63,55.24,46.21,49.40,48.07,47.53
CAPITAL_AREA,LCCC,TRS3,66.85,58.28,66.21,57.85,63.85,56.14,62.35,54.86,60.64,49.93,59.35,48.86,57.64,47.57,56.36,47.14,50.40,49.04,48.49
CAPITAL_AREA,LCCC,TRS4,68.20,59.46,67.55,59.02,65.14,57.27,63.61,55.97,61.86,50.94,60.55,49.85,58.80,48.53,57.50,48.09,51.42,50.03,49.47
CAPITAL_AREA,LCCC,TSR,65.53,57.13,64.90,56.71,62.59,55.03,61.12,53.77,59.44,48.94,58.18,47.89,56.50,46.63,55.24,46.21,49.40,48.07,47.53
CAPITAL_AREA,LCCH,REG,55.00,49.60,58.40,53.00,54.60,48.20,55.40,47.80,54.00,46.60,53.00,45.60,52.40,44.60,50.00,44.60,46.68,45.74,45.39
CAPITAL_AREA,LCCH,TRS2,57.76,52.09,61.33,55.66,57.34,50.62,58.18,50.20,56.71,48.94,55.66,47.89,55.03,46.84,52.51,46.84,49.03,48.04,47.67
CAPITAL_AREA,LCCH,TRS3,58.93,53.14,62.57,56.78,58.50,51.64,59.35,51.21,57.85,49.93,56.78,48.86,56.14,47.79,53.57,47.79,50.02,49.01,48.64
CAPITAL_AREA,LCCH,TRS4,60.12,54.21,63.83,57.93,59.68,52.68,60.55,52.24,59.02,50.94,57.93,49.85,57.27,48.76,54.65,48.76,51.03,50.01,49.62
CAPITAL_AREA,LCCH,TSR,57.76,52.09,61.33,55.66,57.34,50.62,58.18,50.20,56.71,48.94,55.66,47.89,55.03,46.84,52.51,46.84,49.03,48.04,47.67
CAPITAL_AREA,RCCH,REG,52.40,46.20,55.80,51.00,52.40,46.60,51.80,46.00,51.00,44.20,49.80,41.40,49.80,41.60,46.00,41.60,42.63,42.80,42.24
CAPITAL_AREA,RCCH,TRS2,55.03,48.52,58.60,53.56,55.03,48.94,54.40,48.31,53.56,46.42,52.30,43.48,52.30,43.69,48.31,43.69,44.77,44.95,44.37
CAPITAL_AREA,RCCH,TRS3,56.14,49.50,59.78,54.64,56.14,49.93,55.50,49.29,54.64,47.36,53.36,44.36,53.36,44.57,49.29,44.57,45.68,45.86,45.26
CAPITAL_AREA,RCCH,TRS4,57.27,50.50,60.99,55.74,57.27,50.94,56.62,50.29,55.74,48.32,54.44,45.26,54.44,45.47,50.29,45.47,46.60,46.78,46.18
CAPITAL_AREA,RCCH,TSR,55.03,48.52,58.60,53.56,55.03,48.94,54.40,48.31,53.56,46.42,52.30,43.48,52.30,43.69,48.31,43.69,44.77,44.95,44.37
CAPITAL_AREA,RELATIVE,REG,14.44,14.25,14.44,14.25,14.88,13.00,14.88,13.00,12.76,9.31,12.76,9.31,12.76,9.31,12.00,6.08,9.81,9.81,6.95
CENTRAL_TEXAS,LCCC,REG,35.80,33.12,35.80,33.12,32.40,30.00,32.00,29.80,31.60,27.40,31.00,27.00,30.20,26.40,30.20,26.20,27.59,26.96,26.79
CENTRAL_TEXAS,LCCC,TRS2,37.60,34.78,37.60,34.78,34.03,31.51,33.61,31.30,33.19,28.78,32.56,28.36,31.72,27.73,31.72,27.52,28.97,28.31,28.13
CENTRAL_TEXAS,LCCC,TRS3,38.36,35.48,38.36,35.48,34.72,32.15,34.29,31.93,33.86,29.36,33.22,28.94,32.36,28.29,32.36,28.08,29.57,28.89,28.71
CENTRAL_TEXAS,LCCC,TRS4,39.14,36.20,39.14,36.20,35.42,32.80,34.98,32.58,34.55,29.96,33.89,29.53,33.02,28.86,33.02,28.65,30.17,29.47,29.29
CENTRAL_TEXAS,LCCC,TSR,37.60,34.78,37.60,34.78,34.03,31.51,33.61,31.30,33.19,28.78,32.56,28.36,31.72,27.73,31.72,27.52,28.97,28.31,28.13
CENTRAL_TEXAS,LCCH,REG,39.00,29.00,39.00,29.20,34.80,28.20,34.80,28.00,30.40,27.40,30.40,27.00,30.40,26.40,29.20,26.40,27.50,26.99,26.81
CENTRAL_TEXAS,LCCH,TRS2,40.96,30.46,40.96,30.67,36.55,29.62,36.55,29.41,31.93,28.78,31.93,28.36,31.93,27.73,30.67,27.73,28.88,28.34,28.16
CENTRAL_TEXAS,LCCH,TRS3,41.79,31.08,41.79,31.29,37.29,30.22,37.29,30.01,32.58,29.36,32.58,28.94,32.58,28.29,31.29,28.29,29.47,28.92,28.73
CENTRAL_TEXAS,LCCH,TRS4,42.63,31.71,42.63,31.92,38.04,30.83,38.04,30.62,33.24,29.96,33.24,29.53,33.24,28.86,31.92,28.86,30.07,29.50,29.31
CENTRAL_TEXAS,LCCH,TSR,40.96,30.46,40.96,30.67,36.55,29.62,36.55,29.41,31.93,28.78,31.93,28.36,31.93,27.73,30.67,27.73,28.88,28.34,28.16
CENTRAL_TEXAS,RCCH,REG,39.00,27.20,39.00,28.60,34.80,27.40,34.80,27.00,30.40,26.20,30.40,24.80,30.40,25.00,26.60,25.00,25.62,25.79,25.23
CENTRAL_TEXAS,RCCH,TRS2,40.96,28.57,40.96,30.04,36.55,28.78,36.55,28.36,31.93,27.52,31.93,26.05,31.93,26.26,27.94,26.26,26.91,27.09,26.51
CENTRAL_TEXAS,RCCH,TRS3,41.79,29.15,41.79,30.65,37.29,29.36,37.29,28.94,32.58,28.08,32.58,26.58,32.58,26.79,28.51,26.79,27.46,27.64,27.04
CENTRAL_TEXAS,RCCH,TRS4,42.63,29.74,42.63,31.27,38.04,29.96,38.04,29.53,33.24,28.65,33.24,27.12,33.24,27.33,29.09,27.33,28.02,28.19,27.59
CENTRAL_TEXAS,RCCH,TSR,40.96,28.57,40.96,30.04,36.55,28.78,36.55,28.36,31.93,27.52,31.93,26.05,31.93,26.26,27.94,26.26,26.91,27.09,26.51
CENTRAL_TEXAS,RELATIVE,REG,11.47,10.15,11.47,10.15,11.47,9.37,11.47,9.37,11.47,8.70,11.47,8.70,11.47,8.70,11.47,6.56,9.11,9.11,7.28
COASTAL_BEND,LCCC,REG,39.00,36.09,39.00,36.09,37.20,34.40,36.60,34.00,36.20,31.20,35.40,30.60,34.60,30.00,34.40,29.80,31.30,30.67,30.47
COASTAL_BEND,LCCC,TRS2,40.96,37.90,40.96,37.90,39.07,36.13,38.44,35.71,38.02,32.77,37.18,32.14,36.34,31.51,36.13,31.30,32.88,32.22,32.01
COASTAL_BEND,LCCC,TRS3,41.79,38.67,41.79,38.67,39.86,36.86,39.22,36.43,38.79,33.43,37.93,32.79,37.08,32.15,36.86,31.93,33.54,32.87,32.65
COASTAL_BEND,LCCC,TRS4,42.63,39.45,42.63,39.45,40.67,37.61,40.01,37.17,39.57,34.11,38.70,33.45,37.83,32.80,37.61,32.58,34.22,33.54,33.32
COASTAL_BEND,LCCC,TSR,40.96,37.90,40.96,37.90,39.07,36.13,38.44,35.71,38.02,32.77,37.18,32.14,36.34,31.51,36.13,31.30,32.88,32.22,32.01
COASTAL_BEND,LCCH,REG,39.00,33.00,39.00,32.60,35.20,32.20,35.00,31.80,34.60,31.20,34.20,30.60,33.60,30.00,33.20,30.00,31.13,30.53,30.47
COASTAL_BEND,LCCH,TRS2,40.96,34.66,40.96,34.24,36.97,33.82,36.76,33.40,36.34,32.77,35.92,32.14,35.29,31.51,34.87,31.51,32.69,32.06,32.00
COASTAL_BEND,LCCH,TRS3,41.79,35.36,41.79,34.93,37.72,34.50,37.50,34.08,37.08,33.43,36.65,32.79,36.00,32.15,35.58,32.15,33.35,32.71,32.65
COASTAL_BEND,LCCH,TRS4,42.63,36.08,42.63,35.64,38.48,35.20,38.26,34.77,37.83,34.11,37.39,33.45,36.73,32.80,36.30,32.80,34.03,33.38,33.31
COASTAL_BEND,LCCH,TSR,40.96,34.66,40.96,34.24,36.97,33.82,36.76,33.40,36.34,32.77,35.92,32.14,35.29,31.51,34.87,31.51,32.69,32.06,32.00
COASTAL_BEND,RCCH,REG,39.00,31.00,39.00,31.20,34.80,31.20,34.80,30.80,33.00,29.80,32.80,28.20,32.60,28.20,30.20,28.20,28.87,28.84,28.49
COASTAL_BEND,RCCH,TRS2,40.96,32.56,40.96,32.77,36.55,32.77,36.55,32.35,34.66,31.30,34.45,29.62,34.24,29.62,31.72,29.62,30.33,30.30,29.93
COASTAL_BEND,RCCH,TRS3,41.79,33.22,41.79,33.43,37.29,33.43,37.29,33.01,35.36,31.93,35.15,30.22,34.93,30.22,32.36,30.22,30.94,30.91,30.53
COASTAL_BEND,RCCH,TRS4,42.63,33.89,42.63,34.11,38.04,34.11,38.04,33.68,36.08,32.58,35.86,30.83,35.64,30.83,33.02,30.83,31.57,31.53,31.15
COASTAL_BEND,RCCH,TSR,40.96,32.56,40.96,32.77,36.55,32.77,36.55,32.35,34.66,31.30,34.45,29.62,34.24,29.62,31.72,29.62,30.33,30.30,29.93
COASTAL_BEND,RELATIVE,REG,11.51,11.51,11.51,11.51,10.47,10.47,10.47,10.47,10.47,7.56,10.47,7.56,10.47,7.56,10.47,6.54,7.99,7.99,7.12
CONCHO_VALLEY,LCCC,REG,36.00,33.78,36.00,33.78,31.80,29.79,31.80,29.79,28.60,24.80,28.00,24.59,27.80,24.59,27.20,23.40,25.09,25.06,23.96
CONCHO_VALLEY,LCCC,TRS2,37.81,35.48,37.81,35.48,33.40,31.29,33.40,31.29,30.04,26.05,29.41,25.83,29.20,25.83,28.57,24.58,26.35,26.32,25.16
CONCHO_VALLEY,LCCC,TRS3,38.57,36.20,38.57,36.20,34.08,31.92,34.08,31.92,30.65,26.58,30.01,26.35,29.79,26.35,29.15,25.08,26.89,26.85,25.68
CONCHO_VALLEY,LCCC,TRS4,39.35,36.93,39.35,36.93,34.77,32.57,34.77,32.57,31.27,27.12,30.62,26.88,30.39,26.88,29.74,25.59,27.43,27.39,26.20
CONCHO_VALLEY,LCCC,TSR,37.81,35.48,37.81,35.48,33.40,31.29,33.40,31.29,30.04,26.05,29.41,25.83,29.20,25.83,28.57,24.58,26.35,26.32,25.16
CONCHO_VALLEY,LCCH,REG,39.00,26.00,39.00,25.80,34.80,25.40,34.80,25.20,30.40,24.80,30.40,24.20,30.40,23.80,26.20,23.80,25.11,24.77,24.15
CONCHO_VALLEY,LCCH,TRS2,40.96,27.31,40.96,27.10,36.55,26.68,36.55,26.47,31.93,26.05,31.93,25.42,31.93,25.00,27.52,25.00,26.37,26.01,25.37
CONCHO_VALLEY,LCCH,TRS3,41.79,27.86,41.79,27.65,37.29,27.22,37.29,27.01,32.58,26.58,32.58,25.94,32.58,25.51,28.08,25.51,26.91,26.54,25.89
CONCHO_VALLEY,LCCH,TRS4,42.63,28.42,42.63,28.40,38.04,27.77,38.04,27.56,33.24,27.12,33.24,26.47,33.24,26.03,28.65,26.03,27.46,27.09,26.41
CONCHO_VALLEY,LCCH,TSR,40.96,27.31,40.96,27.10,36.55,26.68,36.55,26.47,31.93,26.05,31.93,25.42,31.93,25.00,27.52,25.00,26.37,26.01,25.37
CONCHO_VALLEY,RCCH,REG,39.00,25.20,39.00,25.20,34.80,24.60,34.80,24.40,30.40,23.60,30.40,22.20,30.40,22.40,23.80,22.40,23.40,23.57,22.60
CONCHO_VALLEY,RCCH,TRS2,40.96,26.47,40.96,26.47,36.55,25.84,36.55,25.63,31.93,24.79,31.93,23.32,31.93,23.53,25.00,23.53,24.58,24.76,23.75
CONCHO_VALLEY,RCCH,TRS3,41.79,27.01,41.79,27.01,37.29,26.36,37.29,26.15,32.58,25.29,32.58,23.79,32.58,24.01,25.51,24.01,25.08,25.26,24.23
CONCHO_VALLEY,RCCH,TRS4,42.63,28.40,42.63,28.40,38.04,26.89,38.04,26.68,33.24,25.80,33.24,24.27,33.24,24.50,26.03,24.50,25.58,25.78,24.72
CONCHO_VALLEY,RCCH,TSR,40.96,26.47,40.96,26.47,36.55,25.84,36.55,25.63,31.93,24.79,31.93,23.32,31.93,23.53,25.00,23.53,24.58,24.76,23.75
CONCHO_VALLEY,RELATIVE,REG,12.75,12.75,12.75,12.75,9.21,8.06,9.21,8.06,9.21,6.44,9.21,6.44,9.21,6.44,8.28,5.53,6.85,6.85,5.93
DALLAS_COUNTY,LCCC,REG,50.80,46.40,50.00,45.60,48.80,44.40,48.00,43.60,47.00,39.40,45.80,38.60,44.80,37.40,44.40,37.00,39.65,38.48,38.08
DALLAS_COUNTY,LCCC,TRS2,53.35,48.73,52.51,47.89,51.25,46.63,50.41,45.79,49.36,41.38,48.10,40.54,47.05,39.28,46.63,38.86,41.65,40.42,40.00
DALLAS_COUNTY,LCCC,TRS3,54.43,49.71,53.57,48.86,52.29,47.57,51.43,46.72,50.36,42.22,49.07,41.36,48.00,40.07,47.57,39.65,42.49,41.23,40.81
DALLAS_COUNTY,LCCC,TRS4,55.53,50.71,54.65,49.85,53.35,48.53,52.47,47.66,51.38,43.07,50.06,42.20,48.97,40.88,48.53,40.45,43.35,42.06,41.63
DALLAS_COUNTY,LCCC,TSR,53.35,48.73,52.51,47.89,51.25,46.63,50.41,45.79,49.36,41.38,48.10,40.54,47.05,39.28,46.63,38.86,41.65,40.42,40.00
DALLAS_COUNTY,LCCH,REG,47.00,42.20,46.40,41.40,45.60,40.80,45.40,40.40,44.80,39.40,44.20,38.60,43.00,37.60,42.60,37.60,39.42,38.39,38.33
DALLAS_COUNTY,LCCH,TRS2,49.36,44.32,48.73,43.48,47.89,42.85,47.68,42.43,47.05,41.38,46.42,40.54,45.16,39.49,44.74,39.49,41.40,40.32,40.26
DALLAS_COUNTY,LCCH,TRS3,50.36,45.22,49.71,44.36,48.86,43.72,48.64,43.29,48.00,42.22,47.36,41.36,46.07,40.29,45.64,40.29,42.24,41.14,41.07
DALLAS_COUNTY,LCCH,TRS4,51.38,46.13,50.71,45.26,49.85,44.60,49.62,44.17,48.97,43.07,48.32,42.20,47.00,41.10,46.56,41.10,43.10,41.96,41.90
DALLAS_COUNTY,LCCH,TSR,49.36,44.32,48.73,43.48,47.89,42.85,47.68,42.43,47.05,41.38,46.42,40.54,45.16,39.49,44.74,39.49,41.40,40.32,40.26
DALLAS_COUNTY,RCCH,REG,44.60,39.00,44.80,38.80,43.60,39.40,44.20,38.80,42.20,37.20,41.80,34.60,41.40,34.80,37.60,34.80,35.65,35.77,35.21
DALLAS_COUNTY,RCCH,TRS2,46.84,40.96,47.05,40.75,45.79,41.38,46.42,40.75,44.32,39.07,43.90,36.34,43.48,36.55,39.49,36.55,37.45,37.56,36.98
DALLAS_COUNTY,RCCH,TRS3,47.79,41.79,48.00,41.57,46.72,42.22,47.36,41.57,45.22,39.86,44.79,37.08,44.36,37.29,40.29,37.29,38.21,38.32,37.73
DALLAS_COUNTY,RCCH,TRS4,48.76,42.63,48.97,42.41,47.66,43.07,48.32,42.41,46.13,40.67,45.70,37.83,45.26,38.04,41.10,38.04,38.98,39.10,38.49
DALLAS_COUNTY,RCCH,TSR,46.84,40.96,47.05,40.75,45.79,41.38,46.42,40.75,44.32,39.07,43.90,36.34,43.48,36.55,39.49,36.55,37.45,37.56,36.98
DALLAS_COUNTY,RELATIVE,REG,15.00,11.50,15.00,11.50,14.00,11.00,14.00,11.00,12.00,8.50,12.00,8.50,12.00,8.50,12.00,7.96,9.01,9.01,8.55
DEEP_EAST,LCCC,REG,34.80,32.40,34.80,32.40,30.80,28.61,30.80,28.61,29.20,25.40,28.60,24.80,28.00,24.20,27.80,24.00,25.36,24.76,24.56
DEEP_EAST,LCCC,TRS2,36.55,34.03,36.55,34.03,32.35,30.05,32.35,30.05,30.67,26.68,30.04,26.05,29.41,25.42,29.20,25.21,26.63,26.00,25.79
DEEP_EAST,LCCC,TRS3,37.29,34.72,37.29,34.72,33.01,30.66,33.01,30.66,31.29,27.22,30.65,26.58,30.01,25.94,29.79,25.72,27.16,26.54,26.32
DEEP_EAST,LCCC,TRS4,38.04,35.42,38.04,35.42,33.68,31.28,33.68,31.28,31.92,27.77,31.27,27.12,30.62,26.47,30.39,26.24,27.73,27.08,26.85
DEEP_EAST,LCCC,TSR,36.55,34.03,36.55,34.03,32.35,30.05,32.35,30.05,30.67,26.68,30.04,26.05,29.41,25.42,29.20,25.21,26.63,26.00,25.79
DEEP_EAST,LCCH,REG,39.00,26.60,39.00,26.40,34.80,26.00,34.80,25.80,30.40,25.40,30.40,24.80,30.40,24.40,26.80,24.40,25.62,25.28,24.75
DEEP_EAST,LCCH,TRS2,40.96,27.94,40.96,27.73,36.55,27.31,36.55,27.10,31.93,26.68,31.93,26.05,31.93,25.63,28.15,25.63,26.91,26.55,26.00
DEEP_EAST,LCCH,TRS3,41.79,28.51,41.79,28.29,37.29,27.86,37.29,27.65,32.58,27.22,32.58,26.58,32.58,26.15,28.72,26.15,27.47,27.09,26.53
DEEP_EAST,LCCH,TRS4,42.63,29.09,42.63,28.86,38.04,28.42,38.04,28.21,33.24,27.77,33.24,27.12,33.24,26.68,29.30,26.68,28.02,27.64,27.06
DEEP_EAST,LCCH,TSR,40.96,27.94,40.96,27.73,36.55,27.31,36.55,27.10,31.93,26.68,31.93,26.05,31.93,25.63,28.15,25.63,26.91,26.55,26.00
DEEP_EAST,RCCH,REG,39.00,25.00,39.00,25.00,34.80,25.20,34.80,25.00,30.40,24.20,30.40,22.80,30.40,23.00,24.40,23.00,23.91,23.91,23.20
DEEP_EAST,RCCH,TRS2,40.96,26.26,40.96,26.26,36.55,26.47,36.55,26.26,31.93,25.42,31.93,23.95,31.93,24.16,25.63,24.16,25.12,25.12,24.38
DEEP_EAST,RCCH,TRS3,41.79,26.79,41.79,26.79,37.29,27.01,37.29,26.79,32.58,25.94,32.58,24.44,32.58,24.65,26.15,24.65,25.63,25.63,24.87
DEEP_EAST,RCCH,TRS4,42.63,27.33,42.63,27.33,38.04,27.56,38.04,27.33,33.24,26.47,33.24,24.94,33.24,25.15,26.68,25.15,26.15,26.15,25.37
DEEP_EAST,RCCH,TSR,40.96,26.26,40.96,26.26,36.55,26.47,36.55,26.26,31.93,25.42,31.93,23.95,31.93,24.16,25.63,24.16,25.12,25.12,24.38
DEEP_EAST,RELATIVE,REG,8.00,8.00,8.00,8.00,8.00,8.00,8.00,8.00,8.00,8.00,8.00,8.00,8.00,8.00,8.00,8.00,8.00,8.00,8.00
EAST_TEXAS,LCCC,REG,35.40,32.97,35.40,32.97,31.20,29.22,31.20,29.22,29.40,26.00,28.80,25.60,28.40,25.20,28.20,25.00,26.07,25.67,25.47
EAST_TEXAS,LCCC,TRS2,37.18,34.63,37.18,34.63,32.77,30.69,32.77,30.69,30.88,27.31,30.25,26.89,29.83,26.47,29.62,26.26,27.38,26.96,26.75
EAST_TEXAS,LCCC,TRS3,37.93,35.33,37.93,35.33,33.43,31.31,33.43,31.31,31.51,27.86,30.86,27.44,30.43,27.01,30.22,26.79,27.94,27.51,27.29
EAST_TEXAS,LCCC,TRS4,38.70,36.05,38.70,36.05,34.11,31.94,34.11,31.94,32.15,28.42,31.49,28.00,31.05,27.56,30.83,27.33,28.51,28.07,27.84
EAST_TEXAS,LCCC,TSR,37.18,34.63,37.18,34.63,32.77,30.69,32.77,30.69,30.88,27.31,30.25,26.89,29.83,26.47,29.62,26.26,27.38,26.96,26.75
EAST_TEXAS,LCCH,REG,39.00,27.20,39.00,27.00,34.80,26.60,34.80,26.60,30.40,26.00,30.40,25.60,30.40,25.20,27.40,25.20,26.30,25.96,25.52
EAST_TEXAS,LCCH,TRS2,40.96,28.57,40.96,28.36,36.55,27.94,36.55,27.94,31.93,27.31,31.93,26.89,31.93,26.47,28.78,26.47,27.63,27.27,26.81
EAST_TEXAS,LCCH,TRS3,41.79,29.15,41.79,28.94,37.29,28.51,37.29,28.51,32.58,27.86,32.58,27.44,32.58,27.01,29.36,27.01,28.19,27.83,27.35
EAST_TEXAS,LCCH,TRS4,42.63,29.74,42.63,29.53,38.04,29.09,38.04,29.09,33.24,28.42,33.24,28.00,33.24,27.56,29.96,27.56,28.77,28.39,27.91
EAST_TEXAS,LCCH,TSR,40.96,28.57,40.96,28.36,36.55,27.94,36.55,27.94,31.93,27.31,31.93,26.89,31.93,26.47,28.78,26.47,27.63,27.27,26.81
EAST_TEXAS,RCCH,REG,39.00,26.00,39.00,25.80,34.80,26.00,34.80,25.80,30.40,25.00,30.40,24.00,30.40,24.00,25.40,24.00,24.94,24.94,24.20
EAST_TEXAS,RCCH,TRS2,40.96,27.31,40.96,27.10,36.55,27.31,36.55,27.10,31.93,26.26,31.93,25.21,31.93,25.21,26.68,25.21,26.19,26.19,25.43
EAST_TEXAS,RCCH,TRS3,41.79,27.86,41.79,27.65,37.29,27.86,37.29,27.65,32.58,26.79,32.58,25.72,32.58,25.72,27.22,25.72,26.72,26.72,25.94
EAST_TEXAS,RCCH,TRS4,42.63,28.42,42.63,28.21,38.04,28.42,38.04,28.21,33.24,27.33,33.24,26.24,33.24,26.24,27.77,26.24,27.26,27.26,26.46
EAST_TEXAS,RCCH,TSR,40.96,27.31,40.96,27.10,36.55,27.31,36.55,27.10,31.93,26.26,31.93,25.21,31.93,25.21,26.68,25.21,26.19,26.19,25.43
EAST_TEXAS,RELATIVE,REG,15.92,15.92,15.92,15.92,15.72,15.72,15.72,15.72,15.72,12.81,15.72,12.81,15.72,12.81,14.42,11.72,13.24,13.24,12.12
GOLDEN_CRESCENT,LCCC,REG,35.40,32.99,35.40,32.99,31.40,29.31,31.40,29.31,27.80,24.80,27.40,24.40,27.20,23.80,26.80,23.80,24.84,24.30,24.24
GOLDEN_CRESCENT,LCCC,TRS2,37.18,34.65,37.18,34.65,32.98,30.78,32.98,30.78,29.20,26.05,28.78,25.63,28.57,25.00,28.15,25.00,26.09,25.52,25.46
GOLDEN_CRESCENT,LCCC,TRS3,37.93,35.35,37.93,35.35,33.65,31.40,33.65,31.40,29.79,26.58,29.36,26.15,29.15,25.51,28.72,25.51,26.62,26.04,25.98
GOLDEN_CRESCENT,LCCC,TRS4,38.70,36.07,38.70,36.07,34.33,32.04,34.33,32.04,30.39,27.12,29.96,26.68,29.74,26.03,29.30,26.03,27.16,26.57,26.51
GOLDEN_CRESCENT,LCCC,TSR,37.18,34.65,37.18,34.65,32.98,30.78,32.98,30.78,29.20,26.05,28.78,25.63,28.57,25.00,28.15,25.00,26.09,25.52,25.46
GOLDEN_CRESCENT,LCCH,REG,39.00,25.80,39.00,26.00,34.80,25.20,34.80,25.20,30.40,24.80,30.40,24.40,30.40,24.00,26.00,24.00,25.28,24.94,24.29
GOLDEN_CRESCENT,LCCH,TRS2,40.96,27.10,40.96,27.31,36.55,26.47,36.55,26.47,31.93,26.05,31.93,25.63,31.93,25.21,27.31,25.21,26.55,26.19,25.52
GOLDEN_CRESCENT,LCCH,TRS3,41.79,27.65,41.79,27.86,37.29,27.01,37.29,27.01,32.58,26.58,32.58,26.15,32.58,25.72,27.86,25.72,27.09,26.72,26.03
GOLDEN_CRESCENT,LCCH,TRS4,42.63,28.21,42.63,28.42,38.04,27.56,38.04,27.56,33.24,27.12,33.24,26.68,33.24,26.24,28.42,26.24,27.64,27.26,26.56
GOLDEN_CRESCENT,LCCH,TSR,40.96,27.10,40.96,27.31,36.55,26.47,36.55,26.47,31.93,26.05,31.93,25.63,31.93,25.21,27.31,25.21,26.55,26.19,25.52
GOLDEN_CRESCENT,RCCH,REG,39.00,24.60,39.00,25.40,34.80,24.60,34.80,24.40,30.40,23.80,30.40,22.80,30.40,22.80,24.00,22.80,23.91,23.91,22.98
GOLDEN_CRESCENT,RCCH,TRS2,40.96,25.84,40.96,26.68,36.55,25.84,36.55,25.63,31.93,25.00,31.93,23.95,31.93,23.95,25.21,23.95,25.12,25.12,24.13
GOLDEN_CRESCENT,RCCH,TRS3,41.79,26.36,41.79,27.22,37.29,26.36,37.29,26.15,32.58,25.51,32.58,24.44,32.58,24.44,25.72,24.44,25.63,25.63,24.63
GOLDEN_CRESCENT,RCCH,TRS4,42.63,26.89,42.63,27.77,38.04,26.89,38.04,26.68,33.24,26.03,33.24,24.94,33.24,24.94,26.24,24.94,26.15,26.15,25.13
GOLDEN_CRESCENT,RCCH,TSR,40.96,25.84,40.96,26.68,36.55,25.84,36.55,25.63,31.93,25.00,31.93,23.95,31.93,23.95,25.21,23.95,25.12,25.12,24.13
GOLDEN_CRESCENT,RELATIVE,REG,12.04,12.04,12.04,12.04,12.04,9.68,12.04,9.68,12.04,11.68,12.04,11.68,12.04,11.68,12.04,7.79,11.73,11.73,8.41
GULF_COAST,LCCC,REG,47.00,43.00,46.00,42.40,45.20,41.20,44.60,40.60,43.80,36.80,42.60,36.00,41.60,35.00,41.40,34.60,36.97,35.97,35.60
GULF_COAST,LCCC,TRS2,49.36,45.16,48.94,44.53,47.47,43.27,46.84,42.64,46.00,38.65,44.74,37.81,43.69,36.76,43.48,36.34,38.82,37.77,37.38
GULF_COAST,LCCC,TRS3,50.36,46.07,49.93,45.43,48.43,44.14,47.79,43.50,46.93,39.43,45.64,38.57,44.57,37.50,44.36,37.08,39.60,38.53,38.15
GULF_COAST,LCCC,TRS4,51.40,47.00,50.93,46.35,49.41,45.03,48.76,44.38,47.88,40.23,46.56,39.35,45.47,38.26,45.26,37.83,40.41,39.32,38.92
GULF_COAST,LCCC,TSR,49.36,45.16,48.94,44.53,47.47,43.27,46.84,42.64,46.00,38.65,44.74,37.81,43.69,36.76,43.48,36.34,38.82,37.77,37.38
GULF_COAST,LCCH,REG,51.00,39.40,51.00,38.80,46.00,38.20,46.00,37.80,41.60,36.80,41.20,36.00,41.00,35.20,39.60,35.20,36.76,36.05,35.84
GULF_COAST,LCCH,TRS2,53.56,41.38,53.56,40.75,48.31,40.12,48.31,39.70,43.69,38.65,43.27,37.81,43.06,36.97,41.59,36.97,38.61,37.86,37.65
GULF_COAST,LCCH,TRS3,54.64,42.22,54.64,41.57,49.29,40.93,49.29,40.50,44.57,39.43,44.14,38.57,43.93,37.72,42.43,37.72,39.39,38.63,38.41
GULF_COAST,LCCH,TRS4,55.74,43.07,55.74,42.41,50.29,41.76,50.29,41.32,45.47,40.23,45.03,39.35,44.82,38.48,43.29,38.48,40.18,39.41,39.18
GULF_COAST,LCCH,TSR,53.56,41.38,53.56,40.75,48.31,40.12,48.31,39.70,43.69,38.65,43.27,37.81,43.06,36.97,41.59,36.97,38.61,37.86,37.65
GULF_COAST,RCCH,REG,51.00,36.40,51.00,37.40,46.00,36.80,46.00,36.20,41.00,34.80,41.00,32.60,41.00,32.60,35.20,32.60,33.83,33.83,32.98
GULF_COAST,RCCH,TRS2,53.56,38.23,53.56,39.28,48.31,38.65,48.31,38.02,43.06,36.55,43.06,34.24,43.06,34.24,36.97,34.24,35.53,35.53,34.64
GULF_COAST,RCCH,TRS3,54.64,39.00,54.64,40.07,49.29,39.43,49.29,38.79,43.93,37.29,43.93,34.93,43.93,34.93,37.72,34.93,36.25,36.25,35.34
GULF_COAST,RCCH,TRS4,55.74,39.79,55.74,40.88,50.29,40.23,50.29,39.57,44.82,38.04,44.82,35.64,44.82,35.64,38.48,35.64,36.98,36.98,36.06
GULF_COAST,RCCH,TSR,53.56,38.23,53.56,39.28,48.31,38.65,48.31,38.02,43.06,36.55,43.06,34.24,43.06,34.24,36.97,34.24,35.53,35.53,34.64
GULF_COAST,RELATIVE,REG,15.17,15.17,15.17,15.17,13.19,11.48,13.19,11.48,11.30,8.48,11.30,8.48,11.30,8.48,9.42,6.59,8.89,8.89,7.00
HEART_OF_TEXAS,LCCC,REG,36.40,33.83,36.40,33.83,33.20,30.80,32.80,30.40,32.20,28.40,31.60,27.80,31.00,27.20,30.80,27.00,28.36,27.76,27.56
HEART_OF_TEXAS,LCCC,TRS2,38.23,35.53,38.23,35.53,34.87,32.35,34.45,31.93,33.82,29.83,33.19,29.20,32.56,28.57,32.35,28.36,29.78,29.15,28.94
HEART_OF_TEXAS,LCCC,TRS3,39.00,36.25,39.00,36.25,35.58,33.01,35.15,32.58,34.50,30.43,33.86,29.79,33.22,29.15,33.01,28.94,30.39,29.75,29.54
HEART_OF_TEXAS,LCCC,TRS4,39.79,36.98,39.79,36.98,36.30,33.68,35.86,33.24,35.20,31.05,34.55,30.39,33.89,29.74,33.68,29.53,31.00,30.35,30.14
HEART_OF_TEXAS,LCCC,TSR,38.23,35.53,38.23,35.53,34.87,32.35,34.45,31.93,33.82,29.83,33.19,29.20,32.56,28.57,32.35,28.36,29.78,29.15,28.94
HEART_OF_TEXAS,LCCH,REG,39.00,29.80,39.00,29.40,34.80,29.00,34.80,28.80,31.00,28.40,30.80,27.80,30.40,27.40,30.00,27.40,28.24,27.84,27.78
HEART_OF_TEXAS,LCCH,TRS2,40.96,31.30,40.96,30.88,36.55,30.46,36.55,30.25,32.56,29.83,32.35,29.20,31.93,28.78,31.51,28.78,29.66,29.24,29.18
HEART_OF_TEXAS,LCCH,TRS3,41.79,31.93,41.79,31.51,37.29,31.08,37.29,30.86,33.22,30.43,33.01,29.79,32.58,29.36,32.15,29.36,30.26,29.83,29.77
HEART_OF_TEXAS,LCCH,TRS4,42.63,32.58,42.63,32.15,38.04,31.71,38.04,31.49,33.89,31.05,33.68,30.39,33.24,29.96,32.80,29.96,30.87,30.44,30.38
HEART_OF_TEXAS,LCCH,TSR,40.96,31.30,40.96,30.88,36.55,30.46,36.55,30.25,32.56,29.83,32.35,29.20,31.93,28.78,31.51,28.78,29.66,29.24,29.18
HEART_OF_TEXAS,RCCH,REG,39.00,28.00,39.00,28.00,34.80,28.20,34.80,28.00,30.40,27.00,30.40,25.80,30.40,25.80,27.40,25.80,26.47,26.47,26.03
HEART_OF_TEXAS,RCCH,TRS2,40.96,29.41,40.96,29.41,36.55,29.62,36.55,29.41,31.93,28.36,31.93,27.10,31.93,27.10,28.78,27.10,27.81,27.81,27.35
HEART_OF_TEXAS,RCCH,TRS3,41.79,30.01,41.79,30.01,37.29,30.22,37.29,30.01,32.58,28.94,32.58,27.65,32.58,27.65,29.36,27.65,28.37,28.37,27.90
HEART_OF_TEXAS,RCCH,TRS4,42.63,30.62,42.63,30.62,38.04,30.83,38.04,30.62,33.24,29.53,33.24,28.21,33.24,28.21,29.96,28.21,28.95,28.95,28.47
HEART_OF_TEXAS,RCCH,TSR,40.96,29.41,40.96,29.41,36.55,29.62,36.55,29.41,31.93,28.36,31.93,27.10,31.93,27.10,28.78,27.10,27.81,27.81,27.35
HEART_OF_TEXAS,RELATIVE,REG,12.00,12.00,12.00,12.00,12.00,12.00,12.00,12.00,11.00,11.00,11.00,11.00,11.00,11.00,11.00,8.00,11.00,11.00,8.44
LOWER_RIO,LCCC,REG,38.80,36.00,38.20,35.20,37.60,34.80,37.00,34.20,36.40,31.60,35.60,31.00,35.00,30.20,34.80,30.00,31.67,30.90,30.70
LOWER_RIO,LCCC,TRS2,40.75,37.81,40.12,37.39,39.49,36.55,38.86,35.92,38.23,33.19,37.39,32.56,36.76,31.72,36.55,31.51,33.27,32.46,32.25
LOWER_RIO,LCCC,TRS3,41.57,38.57,40.93,38.15,40.29,37.29,39.65,36.65,39.00,33.86,38.15,33.22,37.50,32.36,37.29,32.15,33.94,33.11,32.90
LOWER_RIO,LCCC,TRS4,42.41,39.35,41.76,38.92,41.10,38.04,40.45,37.39,39.79,34.55,38.92,33.89,38.26,33.02,38.04,32.80,34.63,33.79,33.57
LOWER_RIO,LCCC,TSR,40.75,37.81,40.12,37.39,39.49,36.55,38.86,35.92,38.23,33.19,37.39,32.56,36.76,31.72,36.55,31.51,33.27,32.46,32.25
LOWER_RIO,LCCH,REG,39.00,33.40,39.00,32.80,35.40,32.40,35.40,32.20,35.00,31.60,34.60,31.00,33.80,30.40,33.60,30.40,31.53,30.90,30.87
LOWER_RIO,LCCH,TRS2,40.96,35.08,40.96,34.45,37.18,34.03,37.18,33.82,36.76,33.19,36.34,32.56,35.50,31.93,35.29,31.93,33.11,32.45,32.42
LOWER_RIO,LCCH,TRS3,41.79,35.79,41.79,35.15,37.93,34.72,37.93,34.50,37.50,33.86,37.08,33.22,36.22,32.58,36.00,32.58,33.78,33.11,33.08
LOWER_RIO,LCCH,TRS4,42.63,36.51,42.63,35.86,38.70,35.42,38.70,35.20,38.26,34.55,37.83,33.89,36.95,33.24,36.73,33.24,34.47,33.78,33.75
LOWER_RIO,LCCH,TSR,40.96,35.08,40.96,34.45,37.18,34.03,37.18,33.82,36.76,33.19,36.34,32.56,35.50,31.93,35.29,31.93,33.11,32.45,32.42
LOWER_RIO,RCCH,REG,39.00,31.20,39.00,31.00,34.80,31.40,34.80,31.20,33.40,30.00,33.00,28.40,32.80,28.40,30.40,28.60,29.07,29.04,28.86
LOWER_RIO,RCCH,TRS2,40.96,32.77,40.96,32.56,36.55,32.98,36.55,32.77,35.08,31.51,34.66,29.83,34.45,29.83,31.93,30.04,30.54,30.51,30.32
LOWER_RIO,RCCH,TRS3,41.79,33.43,41.79,33.22,37.29,33.65,37.29,33.43,35.79,32.15,35.36,30.43,35.15,30.43,32.58,30.65,31.15,31.12,30.93
LOWER_RIO,RCCH,TRS4,42.63,34.11,42.63,33.89,38.04,34.33,38.04,34.11,36.51,32.80,36.08,31.05,35.86,31.05,33.24,31.27,31.79,31.75,31.56
LOWER_RIO,RCCH,TSR,40.96,32.77,40.96,32.56,36.55,32.98,36.55,32.77,35.08,31.51,34.66,29.83,34.45,29.83,31.93,30.04,30.54,30.51,30.32
LOWER_RIO,RELATIVE,REG,8.70,8.70,8.70,8.70,8.62,6.57,8.62,6.57,7.54,5.39,7.54,5.39,7.54,5.39,6.25,5.39,5.70,5.70,5.52
MIDDLE_RIO,LCCC,REG,36.60,34.40,36.60,34.40,33.80,31.40,33.40,31.00,32.80,28.80,32.20,28.20,31.60,27.60,31.40,27.40,28.79,28.19,27.99
MIDDLE_RIO,LCCC,TRS2,38.44,36.13,38.44,36.13,35.50,32.98,35.08,32.56,34.45,30.25,33.82,29.62,33.19,28.99,32.98,28.78,30.23,29.60,29.39
MIDDLE_RIO,LCCC,TRS3,39.22,36.86,39.22,36.86,36.22,33.65,35.79,33.22,35.15,30.86,34.50,30.22,33.86,29.58,33.65,29.36,30.85,30.21,29.99
MIDDLE_RIO,LCCC,TRS4,40.01,37.61,40.01,37.61,36.95,34.33,36.51,33.89,35.86,31.49,35.20,30.83,34.55,30.18,34.33,29.96,31.47,30.82,30.60
MIDDLE_RIO,LCCC,TSR,38.44,36.13,38.44,36.13,35.50,32.98,35.08,32.56,34.45,30.25,33.82,29.62,33.19,28.99,32.98,28.78,30.23,29.60,29.39
MIDDLE_RIO,LCCH,REG,35.40,30.20,35.40,29.80,32.00,29.60,32.00,29.20,31.60,28.80,31.40,28.20,30.60,27.60,30.40,27.60,28.67,28.04,28.18
MIDDLE_RIO,LCCH,TRS2,37.18,31.72,37.18,31.30,33.61,31.09,33.61,30.67,33.19,30.25,32.98,29.62,32.14,28.99,31.93,28.99,30.11,29.45,29.60
MIDDLE_RIO,LCCH,TRS3,37.93,32.36,37.93,31.93,34.29,31.72,34.29,31.29,33.86,30.86,33.65,30.22,32.79,29.58,32.58,29.58,30.72,30.05,30.20
MIDDLE_RIO,LCCH,TRS4,38.70,33.02,38.70,32.58,34.98,32.36,34.98,31.92,34.55,31.49,34.33,30.83,33.45,30.18,33.24,30.18,31.34,30.66,30.81
MIDDLE_RIO,LCCH,TSR,37.18,31.72,37.18,31.30,33.61,31.09,33.61,30.67,33.19,30.25,32.98,29.62,32.14,28.99,31.93,28.99,30.11,29.45,29.60
MIDDLE_RIO,RCCH,REG,35.40,28.60,35.40,28.60,31.20,28.60,31.40,28.40,30.20,27.40,30.00,26.00,29.80,26.20,27.80,26.20,26.59,26.73,26.43
MIDDLE_RIO,RCCH,TRS2,37.18,30.04,37.18,30.04,32.77,30.04,32.98,29.83,31.72,28.78,31.51,27.31,31.30,27.52,29.20,27.52,27.92,28.07,27.77
MIDDLE_RIO,RCCH,TRS3,37.93,30.65,37.93,30.65,33.43,30.65,33.65,30.43,32.36,29.36,32.15,27.86,31.93,28.08,29.79,28.08,28.49,28.64,28.33
MIDDLE_RIO,RCCH,TRS4,38.70,31.27,38.70,31.27,34.11,31.27,34.33,31.05,33.02,29.96,32.80,28.42,32.58,28.65,30.39,28.65,29.06,29.23,28.90
MIDDLE_RIO,RCCH,TSR,37.18,30.04,37.18,30.04,32.77,30.04,32.98,29.83,31.72,28.78,31.51,27.31,31.30,27.52,29.20,27.52,27.92,28.07,27.77
MIDDLE_RIO,RELATIVE,REG,11.50,7.48,11.50,7.48,11.30,7.35,11.30,7.35,9.75,6.34,9.75,6.34,9.75,6.34,9.75,6.34,6.84,6.84,6.84
NORTH_CENTRAL,LCCC,REG,57.00,51.80,56.00,51.00,54.60,49.40,53.80,48.60,52.60,43.60,51.20,42.60,49.80,41.20,49.40,40.80,43.86,42.46,42.06
NORTH_CENTRAL,LCCC,TRS2,59.86,54.40,58.81,53.56,57.34,51.88,56.50,51.04,55.24,45.79,53.77,44.74,52.30,43.27,51.88,42.85,46.06,44.59,44.17
NORTH_CENTRAL,LCCC,TRS3,61.07,55.50,59.98,54.64,58.50,52.93,57.64,52.07,56.36,46.72,54.86,45.64,53.36,44.14,52.93,43.72,46.99,45.49,45.07
NORTH_CENTRAL,LCCC,TRS4,62.30,56.62,61.21,55.74,59.68,54.00,58.80,53.12,57.50,47.66,55.97,46.56,54.44,45.03,54.00,44.60,47.94,46.41,45.98
NORTH_CENTRAL,LCCC,TSR,59.86,54.40,58.81,53.56,57.34,51.88,56.50,51.04,55.24,45.79,53.77,44.74,52.30,43.27,51.88,42.85,46.06,44.59,44.17
NORTH_CENTRAL,LCCH,REG,52.60,46.80,51.80,46.00,50.80,45.20,50.60,44.80,50.00,43.60,49.20,42.40,47.80,41.40,47.20,41.40,43.40,42.34,42.25
NORTH_CENTRAL,LCCH,TRS2,55.24,49.15,54.40,48.31,53.35,47.47,53.14,47.05,52.51,45.79,51.67,44.53,50.20,43.48,49.57,43.48,45.57,44.46,44.37
NORTH_CENTRAL,LCCH,TRS3,56.36,50.14,55.50,49.29,54.43,48.43,54.21,48.00,53.57,46.72,52.71,45.43,51.21,44.36,50.57,44.36,46.50,45.36,45.27
NORTH_CENTRAL,LCCH,TRS4,57.50,51.15,56.62,50.29,55.53,49.41,55.30,48.97,54.65,47.66,53.77,46.35,52.24,45.26,51.59,45.26,47.44,46.28,46.19
NORTH_CENTRAL,LCCH,TSR,55.24,49.15,54.40,48.31,53.35,47.47,53.14,47.05,52.51,45.79,51.67,44.53,50.20,43.48,49.57,43.48,45.57,44.46,44.37
NORTH_CENTRAL,RCCH,REG,49.80,43.00,49.80,42.80,48.60,43.40,49.20,42.80,46.80,40.80,46.40,38.00,46.00,38.00,41.40,38.20,39.23,39.17,38.67
NORTH_CENTRAL,RCCH,TRS2,52.30,45.16,52.30,44.95,51.04,45.58,51.67,44.95,49.15,42.85,48.73,39.91,48.31,39.91,43.48,40.12,41.20,41.14,40.61
NORTH_CENTRAL,RCCH,TRS3,53.36,46.07,53.36,45.86,52.07,46.50,52.71,45.86,50.14,43.72,49.71,40.72,49.29,40.72,44.36,40.93,42.04,41.97,41.43
NORTH_CENTRAL,RCCH,TRS4,54.44,47.00,54.44,46.79,53.12,47.44,53.77,46.79,51.15,44.60,50.71,41.54,50.29,41.54,45.26,41.76,42.88,42.82,42.27
NORTH_CENTRAL,RCCH,TSR,52.30,45.16,52.30,44.95,51.04,45.58,51.67,44.95,49.15,42.85,48.73,39.91,48.31,39.91,43.48,40.12,41.20,41.14,40.61
NORTH_CENTRAL,RELATIVE,REG,13.00,11.00,13.00,11.00,13.00,11.00,13.00,11.00,13.00,11.00,13.00,11.00,13.00,11.00,13.00,11.00,11.29,11.29,11.29
NORTHEAST_TEXAS,LCCC,REG,31.80,29.70,31.80,29.70,29.40,27.20,29.00,27.00,28.60,24.80,28.00,24.40,27.40,23.80,27.20,23.60,24.93,24.33,24.13
NORTHEAST_TEXAS,LCCC,TRS2,33.40,31.19,33.40,31.19,30.88,28.57,30.46,28.36,30.04,26.05,29.41,25.63,28.78,25.00,28.57,24.79,26.18,25.55,25.34
NORTHEAST_TEXAS,LCCC,TRS3,34.08,31.82,34.08,31.82,31.51,29.15,31.08,28.94,30.65,26.58,30.01,26.15,29.36,25.51,29.15,25.29,26.71,26.07,25.85
NORTHEAST_TEXAS,LCCC,TRS4,34.77,32.46,34.77,32.46,32.15,29.74,31.71,29.53,31.27,27.12,30.62,26.68,29.96,26.03,29.74,25.80,27.26,26.61,26.38
NORTHEAST_TEXAS,LCCC,TSR,33.40,31.19,33.40,31.19,30.88,28.57,30.46,28.36,30.04,26.05,29.41,25.63,28.78,25.00,28.57,24.79,26.18,25.55,25.34
NORTHEAST_TEXAS,LCCH,REG,39.00,26.20,39.00,26.00,34.80,25.60,34.80,25.20,30.40,24.80,30.40,24.40,30.40,23.60,26.40,23.80,25.28,24.77,24.18
NORTHEAST_TEXAS,LCCH,TRS2,40.96,27.52,40.96,27.31,36.55,26.89,36.55,26.47,31.93,26.05,31.93,25.63,31.93,24.79,27.73,25.00,26.55,26.01,25.40
NORTHEAST_TEXAS,LCCH,TRS3,41.79,28.08,41.79,27.86,37.29,27.44,37.29,27.01,32.58,26.58,32.58,26.15,32.58,25.29,28.29,25.51,27.09,26.54,25.92
NORTHEAST_TEXAS,LCCH,TRS4,42.63,28.65,42.63,28.42,38.04,28.00,38.04,27.56,33.24,27.12,33.24,26.68,33.24,25.80,28.86,26.03,27.64,27.09,26.44
NORTHEAST_TEXAS,LCCH,TSR,40.96,27.52,40.96,27.31,36.55,26.89,36.55,26.47,31.93,26.05,31.93,25.63,31.93,24.79,27.73,25.00,26.55,26.01,25.40
NORTHEAST_TEXAS,RCCH,REG,39.00,24.60,39.00,25.40,34.80,24.80,34.80,24.40,30.40,23.60,30.40,22.40,30.40,22.40,24.00,22.60,23.57,23.57,22.80
NORTHEAST_TEXAS,RCCH,TRS2,40.96,25.84,40.96,26.68,36.55,26.05,36.55,25.63,31.93,24.79,31.93,23.53,31.93,23.53,25.21,23.74,24.76,24.76,23.96
NORTHEAST_TEXAS,RCCH,TRS3,41.79,26.36,41.79,27.22,37.29,26.58,37.29,26.15,32.58,25.29,32.58,24.01,32.58,24.01,25.72,24.22,25.26,25.26,24.44
NORTHEAST_TEXAS,RCCH,TRS4,42.63,26.89,42.63,27.77,38.04,27.12,38.04,26.68,33.24,25.80,33.24,24.50,33.24,24.50,26.24,24.71,25.78,25.78,24.93
NORTHEAST_TEXAS,RCCH,TSR,40.96,25.84,40.96,26.68,36.55,26.05,36.55,25.63,31.93,24.79,31.93,23.53,31.93,23.53,25.21,23.74,24.76,24.76,23.96
NORTHEAST_TEXAS,RELATIVE,REG,10.00,8.00,10.00,8.00,9.50,8.00,9.50,8.00,9.50,6.00,9.50,6.00,9.50,6.00,9.50,6.00,6.51,6.51,6.51
NORTH_TEXAS,LCCC,REG,35.00,32.11,35.00,32.11,31.00,28.47,31.00,28.47,28.60,24.60,28.00,24.20,27.40,23.60,27.20,23.40,24.76,24.16,23.96
NORTH_TEXAS,LCCC,TRS2,36.76,33.72,36.76,33.72,32.56,29.90,32.56,29.90,30.04,25.84,29.41,25.42,28.78,24.79,28.57,24.58,26.00,25.37,25.16
NORTH_TEXAS,LCCC,TRS3,37.50,34.40,37.50,34.40,33.22,30.51,33.22,30.51,30.65,26.36,30.01,25.94,29.36,25.29,29.15,25.08,26.54,25.89,25.68
NORTH_TEXAS,LCCC,TRS4,38.26,35.10,38.26,35.10,33.89,31.13,33.89,31.13,31.27,26.89,30.62,26.47,29.96,25.80,29.74,25.59,27.08,26.41,26.20
NORTH_TEXAS,LCCC,TSR,36.76,33.72,36.76,33.72,32.56,29.90,32.56,29.90,30.04,25.84,29.41,25.42,28.78,24.79,28.57,24.58,26.00,25.37,25.16
NORTH_TEXAS,LCCH,REG,39.00,26.00,39.00,25.60,34.80,25.40,34.80,25.20,30.40,24.60,30.40,24.20,30.40,23.60,26.20,23.60,25.11,24.60,23.98
NORTH_TEXAS,LCCH,TRS2,40.96,27.31,40.96,26.89,36.55,26.68,36.55,26.47,31.93,25.84,31.93,25.42,31.93,24.79,27.52,24.79,26.37,25.83,25.19
NORTH_TEXAS,LCCH,TRS3,41.79,27.86,41.79,27.44,37.29,27.22,37.29,27.01,32.58,26.36,32.58,25.94,32.58,25.29,28.08,25.29,26.91,26.36,25.70
NORTH_TEXAS,LCCH,TRS4,42.63,28.42,42.63,28.00,38.04,27.77,38.04,27.56,33.24,26.89,33.24,26.47,33.24,25.80,28.65,25.80,27.46,26.89,26.22
NORTH_TEXAS,LCCH,TSR,40.96,27.31,40.96,26.89,36.55,26.68,36.55,26.47,31.93,25.84,31.93,25.42,31.93,24.79,27.52,24.79,26.37,25.83,25.19
NORTH_TEXAS,RCCH,REG,39.00,24.40,39.00,24.80,34.80,24.60,34.80,24.40,30.40,23.40,30.40,22.20,30.40,22.20,23.80,22.20,23.40,23.40,22.43
NORTH_TEXAS,RCCH,TRS2,40.96,25.63,40.96,26.05,36.55,25.84,36.55,25.63,31.93,24.58,31.93,23.32,31.93,23.32,25.00,23.32,24.58,24.58,23.57
NORTH_TEXAS,RCCH,TRS3,41.79,26.15,41.79,26.58,37.29,26.36,37.29,26.15,32.58,25.08,32.58,23.79,32.58,23.79,25.51,23.79,25.08,25.08,24.04
NORTH_TEXAS,RCCH,TRS4,42.63,26.68,42.63,27.12,38.04,26.89,38.04,26.68,33.24,25.59,33.24,24.27,33.24,24.27,26.03,24.27,25.58,25.58,24.53
NORTH_TEXAS,RCCH,TSR,40.96,25.63,40.96,26.05,36.55,25.84,36.55,25.63,31.93,24.58,31.93,23.32,31.93,23.32,25.00,23.32,24.58,24.58,23.57
NORTH_TEXAS,RELATIVE,REG,9.95,8.65,9.95,8.65,9.95,7.68,9.95,7.68,8.42,6.92,8.42,6.92,8.42,6.92,8.42,6.75,7.14,7.14,6.99
PANHANDLE,LCCC,REG,35.00,32.51,35.00,32.51,33.80,31.40,33.40,31.00,32.80,28.60,32.20,28.00,31.60,27.40,31.40,27.20,28.61,28.01,27.81
PANHANDLE,LCCC,TRS2,36.76,34.14,36.76,34.14,35.50,32.98,35.08,32.56,34.45,30.04,33.82,29.41,33.19,28.78,32.98,28.57,30.06,29.43,29.22
PANHANDLE,LCCC,TRS3,37.50,34.83,37.50,34.83,36.22,33.65,35.79,33.22,35.15,30.65,34.50,30.01,33.86,29.36,33.65,29.15,30.67,30.02,29.81
PANHANDLE,LCCC,TRS4,41.20,37.00,41.20,37.00,36.95,34.33,36.60,33.89,35.86,31.27,35.20,30.62,34.55,29.96,34.33,29.74,31.29,30.63,30.41
PANHANDLE,LCCC,TSR,36.76,34.14,36.76,34.14,35.50,32.98,35.08,32.56,34.45,30.04,33.82,29.41,33.19,28.78,32.98,28.57,30.06,29.43,29.22
PANHANDLE,LCCH,REG,39.00,30.20,39.00,29.80,34.80,29.40,34.80,29.20,31.60,28.60,31.20,28.00,30.60,27.40,30.40,27.60,28.47,27.87,28.01
PANHANDLE,LCCH,TRS2,40.96,31.72,40.96,31.30,36.55,30.88,36.55,30.67,33.19,30.04,32.77,29.41,32.14,28.78,31.93,28.99,29.90,29.27,29.42
PANHANDLE,LCCH,TRS3,41.79,32.36,41.79,31.93,37.29,31.51,37.29,31.29,33.86,30.65,33.43,30.01,32.79,29.36,32.58,29.58,30.51,29.86,30.02
PANHANDLE,LCCH,TRS4,42.63,33.20,42.63,33.20,38.04,32.15,38.04,31.92,34.55,31.27,34.11,30.62,33.45,29.96,33.24,30.18,31.13,30.47,30.63
PANHANDLE,LCCH,TSR,40.96,31.72,40.96,31.30,36.55,30.88,36.55,30.67,33.19,30.04,32.77,29.41,32.14,28.78,31.93,28.99,29.90,29.27,29.42
PANHANDLE,RCCH,REG,39.00,28.40,39.00,28.80,34.80,28.60,34.80,28.20,30.40,27.20,30.40,25.80,30.40,25.80,27.60,26.00,26.47,26.47,26.23
PANHANDLE,RCCH,TRS2,40.96,29.83,40.96,30.25,36.55,30.04,36.55,29.62,31.93,28.57,31.93,27.10,31.93,27.10,28.99,27.31,27.81,27.81,27.56
PANHANDLE,RCCH,TRS3,41.79,30.43,41.79,30.86,37.29,30.65,37.29,30.22,32.58,29.15,32.58,27.65,32.58,27.65,29.58,27.86,28.37,28.37,28.11
PANHANDLE,RCCH,TRS4,42.63,31.20,42.63,31.49,38.04,31.27,38.04,30.83,33.24,29.74,33.24,28.21,33.24,28.21,30.18,28.42,28.95,28.95,28.68
PANHANDLE,RCCH,TSR,40.96,29.83,40.96,30.25,36.55,30.04,36.55,29.62,31.93,28.57,31.93,27.10,31.93,27.10,28.99,27.31,27.81,27.81,27.56
PANHANDLE,RELATIVE,REG,11.50,10.25,11.50,10.25,10.00,7.90,10.00,7.90,10.00,7.75,10.00,7.75,10.00,7.75,9.75,8.25,8.08,8.08,8.47
PERMIAN_BASIN,LCCC,REG,35.80,32.80,35.60,32.40,34.40,31.60,33.80,31.20,33.20,28.80,32.60,28.20,32.00,27.60,31.60,27.40,28.84,28.24,28.01
PERMIAN_BASIN,LCCC,TRS2,37.60,34.45,37.39,34.03,36.13,33.19,35.50,32.77,34.87,30.25,34.24,29.62,33.61,28.99,33.19,28.78,30.30,29.67,29.43
PERMIAN_BASIN,LCCC,TRS3,38.52,35.15,38.31,34.72,36.86,33.86,36.22,33.43,35.58,30.86,34.93,30.22,34.29,29.58,33.86,29.36,30.91,30.27,30.02
PERMIAN_BASIN,LCCC,TRS4,39.45,35.87,39.22,35.42,37.61,34.55,36.95,34.11,36.30,31.49,35.64,30.83,34.98,30.18,34.55,29.96,31.53,30.88,30.63
PERMIAN_BASIN,LCCC,TSR,37.60,34.45,37.39,34.03,36.13,33.19,35.50,32.77,34.87,30.25,34.24,29.62,33.61,28.99,33.19,28.78,30.30,29.67,29.43
PERMIAN_BASIN,LCCH,REG,39.00,30.40,39.00,30.40,34.80,29.60,34.80,29.40,31.00,28.80,30.80,27.80,30.40,27.40,30.00,27.40,28.24,27.84,27.78
PERMIAN_BASIN,LCCH,TRS2,40.96,31.93,40.96,31.93,36.55,31.09,36.55,30.88,32.56,30.25,32.35,29.20,31.93,28.78,31.51,28.78,29.66,29.24,29.18
PERMIAN_BASIN,LCCH,TRS3,41.79,32.58,41.79,32.58,37.29,31.72,37.29,31.51,33.22,30.86,33.01,29.79,32.58,29.36,32.15,29.36,30.26,29.83,29.77
PERMIAN_BASIN,LCCH,TRS4,42.63,33.24,42.63,33.24,38.04,32.36,38.04,32.15,33.89,31.49,33.68,30.39,33.24,29.96,32.80,29.96,30.87,30.44,30.38
PERMIAN_BASIN,LCCH,TSR,40.96,31.93,40.96,31.93,36.55,31.09,36.55,30.88,32.56,30.25,32.35,29.20,31.93,28.78,31.51,28.78,29.66,29.24,29.18
PERMIAN_BASIN,RCCH,REG,39.00,28.40,39.00,30.00,34.80,28.60,34.80,28.40,30.40,27.40,30.40,26.00,30.40,26.00,27.60,26.00,26.64,26.64,26.23
PERMIAN_BASIN,RCCH,TRS2,40.96,29.83,40.96,31.51,36.55,30.04,36.55,29.83,31.93,28.78,31.93,27.31,31.93,27.31,28.99,27.31,27.99,27.99,27.56
PERMIAN_BASIN,RCCH,TRS3,41.79,30.43,41.79,32.15,37.29,30.65,37.29,30.43,32.58,29.36,32.58,27.86,32.58,27.86,29.58,27.86,28.55,28.55,28.11
PERMIAN_BASIN,RCCH,TRS4,42.63,32.00,42.63,32.80,38.04,31.27,38.04,31.05,33.24,29.96,33.24,28.42,33.24,28.42,30.18,28.42,29.13,29.13,28.68
PERMIAN_BASIN,RCCH,TSR,40.96,29.83,40.96,31.51,36.55,30.04,36.55,29.83,31.93,28.78,31.93,27.31,31.93,27.31,28.99,27.31,27.99,27.99,27.56
PERMIAN_BASIN,RELATIVE,REG,10.24,9.45,10.24,9.45,9.73,7.88,9.73,7.88,9.73,6.59,9.73,6.59,9.73,6.59,8.49,5.28,7.05,7.05,5.75
RURAL_CAPITAL,LCCC,REG,51.40,46.20,51.00,45.60,49.20,44.40,48.20,43.60,46.80,39.40,46.00,38.60,44.60,37.40,44.20,37.20,39.68,38.45,38.22
RURAL_CAPITAL,LCCC,TRS2,53.98,48.52,53.56,47.89,51.67,46.63,50.62,45.79,49.15,41.38,48.31,40.54,46.84,39.28,46.42,39.07,41.68,40.39,40.15
RURAL_CAPITAL,LCCC,TRS3,55.07,49.50,54.64,48.86,52.71,47.57,51.64,46.72,50.14,42.22,49.29,41.36,47.79,40.07,47.36,39.86,42.52,41.20,40.96
RURAL_CAPITAL,LCCC,TRS4,56.18,50.50,55.74,49.85,53.77,48.53,52.68,47.66,51.15,43.07,50.29,42.20,48.76,40.88,48.32,40.67,43.38,42.03,41.79
RURAL_CAPITAL,LCCC,TSR,53.98,48.52,53.56,47.89,51.67,46.63,50.62,45.79,49.15,41.38,48.31,40.54,46.84,39.28,46.42,39.07,41.68,40.39,40.15
RURAL_CAPITAL,LCCH,REG,46.80,42.20,48.40,43.80,45.40,40.80,45.80,40.40,44.80,39.40,44.00,38.60,43.40,37.60,42.40,37.60,39.42,38.39,38.30
RURAL_CAPITAL,LCCH,TRS2,49.15,44.32,50.83,46.00,47.68,42.85,48.10,42.43,47.05,41.38,46.21,40.54,45.58,39.49,44.53,39.49,41.37,40.32,40.23
RURAL_CAPITAL,LCCH,TRS3,50.14,45.22,51.86,46.93,48.64,43.72,49.07,43.29,48.00,42.22,47.14,41.36,46.50,40.29,45.43,40.29,42.21,41.14,41.04
RURAL_CAPITAL,LCCH,TRS4,51.15,46.13,52.91,47.88,49.62,44.60,50.06,44.17,48.97,43.07,48.09,42.20,47.44,41.10,46.35,41.10,43.06,41.96,41.87
RURAL_CAPITAL,LCCH,TSR,49.15,44.32,50.83,46.00,47.68,42.85,48.10,42.43,47.05,41.38,46.21,40.54,45.58,39.49,44.53,39.49,41.37,40.32,40.23
RURAL_CAPITAL,RCCH,REG,44.60,39.00,46.20,42.40,43.60,39.40,44.00,38.80,42.40,37.20,41.80,34.80,41.40,35.00,38.20,35.00,35.82,35.94,35.47
RURAL_CAPITAL,RCCH,TRS2,46.84,40.96,48.52,44.53,45.79,41.38,46.21,40.75,44.53,39.07,43.90,36.55,43.48,36.76,40.12,36.76,37.63,37.74,37.25
RURAL_CAPITAL,RCCH,TRS3,47.79,41.79,49.50,45.43,46.72,42.22,47.14,41.57,45.43,39.86,44.79,37.29,44.36,37.50,40.93,37.50,38.39,38.50,38.00
RURAL_CAPITAL,RCCH,TRS4,48.76,42.63,50.50,46.35,47.66,43.07,48.09,42.41,46.35,40.67,45.70,38.04,45.26,38.26,41.76,38.26,39.16,39.28,38.77
RURAL_CAPITAL,RCCH,TSR,46.84,40.96,48.52,44.53,45.79,41.38,46.21,40.75,44.53,39.07,43.90,36.55,43.48,36.76,40.12,36.76,37.63,37.74,37.25
RURAL_CAPITAL,RELATIVE,REG,10.00,8.00,10.00,8.00,10.00,8.00,10.00,8.00,10.00,8.00,10.00,8.00,10.00,8.00,10.00,8.00,8.29,8.29,8.29
SOUTH_PLAINS,LCCC,REG,40.60,37.64,40.60,37.64,36.20,33.59,36.20,33.59,34.60,30.00,34.00,29.40,33.20,28.80,33.00,28.60,30.07,29.44,29.24
SOUTH_PLAINS,LCCC,TRS2,42.64,39.53,42.64,39.53,38.02,35.28,38.02,35.28,36.34,31.51,35.71,30.88,34.87,30.25,34.66,30.04,31.59,30.93,30.72
SOUTH_PLAINS,LCCC,TRS3,43.50,40.33,43.50,40.33,38.79,35.99,38.79,35.99,37.08,32.15,36.43,31.51,35.58,30.86,35.36,30.65,32.23,31.55,31.34
SOUTH_PLAINS,LCCC,TRS4,44.38,41.15,44.38,41.15,39.57,36.72,39.57,36.72,37.83,32.80,37.17,32.15,36.30,31.49,36.08,31.27,32.88,32.19,31.97
SOUTH_PLAINS,LCCC,TSR,42.64,39.53,42.64,39.53,38.02,35.28,38.02,35.28,36.34,31.51,35.71,30.88,34.87,30.25,34.66,30.04,31.59,30.93,30.72
SOUTH_PLAINS,LCCH,REG,39.00,31.80,39.00,31.20,34.80,31.00,34.80,30.60,33.20,30.00,33.00,29.40,32.20,28.80,32.00,29.00,29.93,29.30,29.44
SOUTH_PLAINS,LCCH,TRS2,40.96,33.40,40.96,32.77,36.55,32.56,36.55,32.14,34.87,31.51,34.66,30.88,33.82,30.25,33.61,30.46,31.43,30.77,30.92
SOUTH_PLAINS,LCCH,TRS3,41.79,34.08,41.79,33.43,37.29,33.22,37.29,32.79,35.58,32.15,35.36,31.51,34.50,30.86,34.29,31.08,32.07,31.39,31.55
SOUTH_PLAINS,LCCH,TRS4,42.63,34.77,42.63,34.11,38.04,33.89,38.04,33.45,36.30,32.80,36.08,32.15,35.20,31.49,34.98,31.71,32.73,32.03,32.19
SOUTH_PLAINS,LCCH,TSR,40.96,33.40,40.96,32.77,36.55,32.56,36.55,32.14,34.87,31.51,34.66,30.88,33.82,30.25,33.61,30.46,31.43,30.77,30.92
SOUTH_PLAINS,RCCH,REG,39.00,29.80,39.00,29.60,34.80,30.00,34.80,29.60,31.80,28.60,31.40,27.20,31.20,27.20,29.00,27.20,27.81,27.81,27.46
SOUTH_PLAINS,RCCH,TRS2,40.96,31.30,40.96,31.09,36.55,31.51,36.55,31.09,33.40,30.04,32.98,28.57,32.77,28.57,30.46,28.57,29.22,29.22,28.85
SOUTH_PLAINS,RCCH,TRS3,41.79,31.93,41.79,31.72,37.29,32.15,37.29,31.72,34.08,30.65,33.65,29.15,33.43,29.15,31.08,29.15,29.81,29.81,29.43
SOUTH_PLAINS,RCCH,TRS4,42.63,32.58,42.63,32.36,38.04,32.80,38.04,32.36,34.77,31.27,34.33,29.74,34.11,29.74,31.71,29.74,30.41,30.38,30.03
SOUTH_PLAINS,RCCH,TSR,40.96,31.30,40.96,31.09,36.55,31.51,36.55,31.09,33.40,30.04,32.98,28.57,32.77,28.57,30.46,28.57,29.22,29.22,28.85
SOUTH_PLAINS,RELATIVE,REG,14.00,11.67,14.00,11.67,14.00,12.04,14.00,12.04,14.00,9.45,14.00,9.45,14.00,9.45,14.00,9.45,10.12,10.12,10.12
SOUTH_TEXAS,LCCC,REG,34.60,32.25,34.60,32.25,32.60,30.40,32.20,30.00,31.80,27.80,31.20,27.40,30.60,26.80,30.40,26.60,27.96,27.36,27.16
SOUTH_TEXAS,LCCC,TRS2,36.34,33.87,36.34,33.87,34.24,31.93,33.82,31.51,33.40,29.20,32.77,28.78,32.14,28.15,31.93,27.94,29.36,28.73,28.52
SOUTH_TEXAS,LCCC,TRS3,37.08,34.56,37.08,34.56,34.93,32.58,34.50,32.15,34.08,29.79,33.43,29.36,32.79,28.72,32.58,28.51,29.96,29.32,29.11
SOUTH_TEXAS,LCCC,TRS4,37.83,35.26,37.83,35.26,35.64,33.24,35.20,32.80,34.77,30.39,34.11,29.96,33.45,29.30,33.24,29.09,30.57,29.91,29.70
SOUTH_TEXAS,LCCC,TSR,36.34,33.87,36.34,33.87,34.24,31.93,33.82,31.51,33.40,29.20,32.77,28.78,32.14,28.15,31.93,27.94,29.36,28.73,28.52
SOUTH_TEXAS,LCCH,REG,39.00,29.20,39.00,28.80,34.80,28.60,34.80,28.40,30.60,27.80,30.80,27.40,30.40,26.80,29.40,26.80,27.84,27.33,27.18
SOUTH_TEXAS,LCCH,TRS2,40.96,30.67,40.96,30.25,36.55,30.04,36.55,29.83,32.14,29.20,32.35,28.78,31.93,28.15,30.88,28.15,29.24,28.70,28.55
SOUTH_TEXAS,LCCH,TRS3,41.79,31.29,41.79,30.86,37.29,30.65,37.29,30.43,32.79,29.79,33.01,29.36,32.58,28.72,31.51,28.72,29.83,29.28,29.13
SOUTH_TEXAS,LCCH,TRS4,42.63,31.92,42.63,31.49,38.04,31.27,38.04,31.05,33.45,30.39,33.68,29.96,33.24,29.30,32.15,29.30,30.44,29.88,29.72
SOUTH_TEXAS,LCCH,TSR,40.96,30.67,40.96,30.25,36.55,30.04,36.55,29.83,32.14,29.20,32.35,28.78,31.93,28.15,30.88,28.15,29.24,28.70,28.55
SOUTH_TEXAS,RCCH,REG,39.00,27.60,39.00,27.40,34.80,27.80,34.80,27.60,30.40,26.60,30.40,25.40,30.40,25.40,27.00,25.40,25.79,25.79,25.63
SOUTH_TEXAS,RCCH,TRS2,40.96,28.99,40.96,28.78,36.55,29.20,36.55,28.99,31.93,27.94,31.93,26.68,31.93,26.68,28.36,26.68,27.09,27.09,26.93
SOUTH_TEXAS,RCCH,TRS3,41.79,29.58,41.79,29.36,37.29,29.79,37.29,29.58,32.58,28.51,32.58,27.22,32.58,27.22,28.94,27.22,27.64,27.64,27.47
SOUTH_TEXAS,RCCH,TRS4,42.63,30.18,42.63,29.96,38.04,30.39,38.04,30.18,33.24,29.09,33.24,27.77,33.24,27.77,29.53,27.77,28.19,28.19,28.03
SOUTH_TEXAS,RCCH,TSR,40.96,28.99,40.96,28.78,36.55,29.20,36.55,28.99,31.93,27.94,31.93,26.68,31.93,26.68,28.36,26.68,27.09,27.09,26.93
SOUTH_TEXAS,RELATIVE,REG,12.97,11.72,12.97,11.72,12.97,11.72,12.97,11.72,10.87,7.53,10.87,7.53,10.87,7.53,10.87,6.48,8.02,8.02,7.12
SOUTHEAST,LCCC,REG,35.00,32.49,35.00,32.49,30.80,28.63,30.80,28.63,29.20,25.60,28.60,25.20,28.20,24.60,28.00,24.60,25.70,25.13,25.10
SOUTHEAST,LCCC,TRS2,36.76,34.12,36.76,34.12,32.35,30.07,32.35,30.07,30.67,26.89,30.04,26.47,29.62,25.84,29.41,25.84,26.99,26.39,26.36
SOUTHEAST,LCCC,TRS3,37.50,34.81,37.50,34.81,33.01,30.68,33.01,30.68,31.29,27.44,30.65,27.01,30.22,26.36,30.01,26.36,27.54,26.92,26.89
SOUTHEAST,LCCC,TRS4,38.26,35.51,38.26,35.51,33.68,31.30,33.68,31.30,31.92,28.00,31.27,27.56,30.83,26.89,30.62,26.89,28.10,27.47,27.44
SOUTHEAST,LCCC,TSR,36.76,34.12,36.76,34.12,32.35,30.07,32.35,30.07,30.67,26.89,30.04,26.47,29.62,25.84,29.41,25.84,26.99,26.39,26.36
SOUTHEAST,LCCH,REG,39.00,27.00,39.00,26.60,34.80,26.40,34.80,26.20,30.40,25.60,30.40,25.20,30.40,24.80,27.20,24.80,25.96,25.62,25.15
SOUTHEAST,LCCH,TRS2,40.96,28.36,40.96,27.94,36.55,27.73,36.55,27.52,31.93,26.89,31.93,26.47,31.93,26.05,28.57,26.05,27.27,26.91,26.42
SOUTHEAST,LCCH,TRS3,41.79,28.94,41.79,28.51,37.29,28.29,37.29,28.08,32.58,27.44,32.58,27.01,32.58,26.58,29.15,26.58,27.83,27.46,26.96
SOUTHEAST,LCCH,TRS4,42.63,29.53,42.63,29.09,38.04,28.86,38.04,28.65,33.24,28.00,33.24,27.56,33.24,27.12,29.74,27.12,28.39,28.02,27.50
SOUTHEAST,LCCH,TSR,40.96,28.36,40.96,27.94,36.55,27.73,36.55,27.52,31.93,26.89,31.93,26.47,31.93,26.05,28.57,26.05,27.27,26.91,26.42
SOUTHEAST,RCCH,REG,39.00,25.40,39.00,25.40,34.80,25.60,34.80,25.40,30.40,24.60,30.40,23.40,30.40,23.40,24.80,23.40,24.42,24.42,23.60
SOUTHEAST,RCCH,TRS2,40.96,26.68,40.96,26.68,36.55,26.89,36.55,26.68,31.93,25.84,31.93,24.58,31.93,24.58,26.05,24.58,25.66,25.66,24.80
SOUTHEAST,RCCH,TRS3,41.79,27.22,41.79,27.22,37.29,27.44,37.29,27.22,32.58,26.36,32.58,25.08,32.58,25.08,26.58,25.08,26.18,26.18,25.30
SOUTHEAST,RCCH,TRS4,42.63,28.60,42.63,28.60,38.04,28.00,38.04,27.77,33.24,26.89,33.24,25.59,33.24,25.59,27.12,25.59,26.71,26.71,25.81
SOUTHEAST,RCCH,TSR,40.96,26.68,40.96,26.68,36.55,26.89,36.55,26.68,31.93,25.84,31.93,24.58,31.93,24.58,26.05,24.58,25.66,25.66,24.80
SOUTHEAST,RELATIVE,REG,8.06,7.72,8.06,7.72,7.87,7.62,7.87,7.62,7.72,7.11,7.72,7.11,7.72,7.11,7.32,5.72,7.20,7.20,5.95
TARRANT_COUNTY,LCCC,REG,49.80,46.00,49.20,45.60,48.20,44.40,47.60,43.80,46.80,40.20,45.60,39.40,44.60,38.20,44.40,38.00,40.31,39.14,38.94
TARRANT_COUNTY,LCCC,TRS2,52.30,48.31,51.67,47.89,50.62,46.63,49.99,46.00,49.15,42.22,47.89,41.38,46.84,40.12,46.63,39.91,42.33,41.10,40.89
TARRANT_COUNTY,LCCC,TRS3,53.36,49.29,52.71,48.86,51.64,47.57,51.00,46.93,50.14,43.07,48.86,42.22,47.79,40.93,47.57,40.72,43.19,41.93,41.72
TARRANT_COUNTY,LCCC,TRS4,54.44,50.29,53.80,49.85,52.68,48.53,52.03,47.88,51.15,43.94,49.85,43.07,48.76,41.76,48.53,41.54,44.06,42.78,42.56
TARRANT_COUNTY,LCCC,TSR,52.30,48.31,51.67,47.89,50.62,46.63,49.99,46.00,49.15,42.22,47.89,41.38,46.84,40.12,46.63,39.91,42.33,41.10,40.89
TARRANT_COUNTY,LCCH,REG,48.20,42.40,48.20,41.80,45.40,41.40,45.20,41.00,44.80,40.20,44.20,39.20,43.20,38.40,42.80,38.40,39.93,39.10,39.04
TARRANT_COUNTY,LCCH,TRS2,50.62,44.53,50.62,43.90,47.68,43.48,47.47,43.06,47.05,42.22,46.42,41.17,45.37,40.33,44.95,40.33,41.94,41.07,41.01
TARRANT_COUNTY,LCCH,TRS3,51.64,45.43,51.64,44.79,48.64,44.36,48.43,43.93,48.00,43.07,47.36,42.00,46.29,41.15,45.86,41.15,42.78,41.90,41.84
TARRANT_COUNTY,LCCH,TRS4,52.68,46.35,52.68,45.70,49.62,45.26,49.41,44.82,48.97,43.94,48.32,42.85,47.23,41.98,46.79,41.98,43.65,42.75,42.68
TARRANT_COUNTY,LCCH,TSR,50.62,44.53,50.62,43.90,47.68,43.48,47.47,43.06,47.05,42.22,46.42,41.17,45.37,40.33,44.95,40.33,41.94,41.07,41.01
TARRANT_COUNTY,RCCH,REG,48.20,39.80,48.20,39.40,43.80,40.00,44.20,39.60,42.60,38.00,42.20,36.00,41.80,36.00,38.60,36.00,36.91,36.85,36.38
TARRANT_COUNTY,RCCH,TRS2,50.62,41.80,50.62,41.38,46.00,42.01,46.42,41.59,44.74,39.91,44.32,37.81,43.90,37.81,40.54,37.81,38.76,38.70,38.21
TARRANT_COUNTY,RCCH,TRS3,51.64,42.65,51.64,42.22,46.93,42.86,47.36,42.43,45.64,40.72,45.22,38.57,44.79,38.57,41.36,38.57,39.54,39.48,38.98
TARRANT_COUNTY,RCCH,TRS4,52.68,43.51,52.68,43.07,47.88,43.73,48.32,43.29,46.56,41.54,46.13,39.35,45.70,39.35,42.20,39.35,40.34,40.28,39.77
TARRANT_COUNTY,RCCH,TSR,50.62,41.80,50.62,41.38,46.00,42.01,46.42,41.59,44.74,39.91,44.32,37.81,43.90,37.81,40.54,37.81,38.76,38.70,38.21
TARRANT_COUNTY,RELATIVE,REG,15.00,11.50,15.00,11.50,14.00,11.00,14.00,11.00,14.00,8.50,14.00,8.50,14.00,8.50,13.00,8.50,9.30,9.30,9.16
TEXOMA,LCCC,REG,35.20,32.76,35.20,32.76,33.60,31.00,33.20,30.60,32.60,28.00,31.80,27.40,31.20,26.80,31.00,26.60,28.04,27.44,27.24
TEXOMA,LCCC,TRS2,36.97,34.41,36.97,34.41,35.29,32.56,34.87,32.14,34.24,29.41,33.40,28.78,32.77,28.15,32.56,27.94,29.46,28.83,28.62
TEXOMA,LCCC,TRS3,37.72,35.11,37.72,35.11,36.00,33.22,35.58,32.79,34.93,30.01,34.08,29.36,33.43,28.72,33.22,28.51,30.05,29.41,29.20
TEXOMA,LCCC,TRS4,38.48,35.82,38.48,35.82,36.73,33.89,36.30,33.45,35.64,30.62,34.77,29.96,34.11,29.30,33.89,29.09,30.66,30.00,29.79
TEXOMA,LCCC,TSR,36.97,34.41,36.97,34.41,35.29,32.56,34.87,32.14,34.24,29.41,33.40,28.78,32.77,28.15,32.56,27.94,29.46,28.83,28.62
TEXOMA,LCCH,REG,39.00,29.60,39.00,29.20,34.80,28.80,34.80,28.60,31.20,28.00,30.80,27.40,30.40,26.80,29.80,26.80,27.90,27.33,27.24
TEXOMA,LCCH,TRS2,40.96,31.09,40.96,30.67,36.55,30.25,36.55,30.04,32.77,29.41,32.35,28.78,31.93,28.15,31.30,28.15,29.30,28.70,28.61
TEXOMA,LCCH,TRS3,41.79,31.72,41.79,31.29,37.29,30.86,37.29,30.65,33.43,30.01,33.01,29.36,32.58,28.72,31.93,28.72,29.89,29.28,29.19
TEXOMA,LCCH,TRS4,42.63,32.36,42.63,31.92,38.04,31.49,38.04,31.27,34.11,30.62,33.68,29.96,33.24,29.30,32.58,29.30,30.50,29.88,29.78
TEXOMA,LCCH,TSR,40.96,31.09,40.96,30.67,36.55,30.25,36.55,30.04,32.77,29.41,32.35,28.78,31.93,28.15,31.30,28.15,29.30,28.70,28.61
TEXOMA,RCCH,REG,39.00,27.80,39.00,27.60,34.80,27.80,34.80,27.60,30.40,26.60,30.40,25.00,30.40,25.20,27.00,25.20,25.79,25.96,25.46
TEXOMA,RCCH,TRS2,40.96,29.20,40.96,28.99,36.55,29.20,36.55,28.99,31.93,27.94,31.93,26.26,31.93,26.47,28.36,26.47,27.09,27.27,26.75
TEXOMA,RCCH,TRS3,41.79,29.79,41.79,29.58,37.29,29.79,37.29,29.58,32.58,28.51,32.58,26.79,32.58,27.01,28.94,27.01,27.64,27.83,27.29
TEXOMA,RCCH,TRS4,42.63,30.39,42.63,30.18,38.04,30.39,38.04,30.18,33.24,29.09,33.24,27.33,33.24,27.56,29.53,27.56,28.19,28.39,27.85
TEXOMA,RCCH,TSR,40.96,29.20,40.96,28.99,36.55,29.20,36.55,28.99,31.93,27.94,31.93,26.26,31.93,26.47,28.36,26.47,27.09,27.27,26.75
TEXOMA,RELATIVE,REG,18.25,14.94,18.25,14.94,16.64,13.63,16.64,13.63,15.39,12.55,15.39,12.55,15.39,12.55,14.42,9.27,12.97,12.97,10.02
WEST_CENTRAL,LCCC,REG,34.80,32.01,34.80,32.01,32.80,30.00,32.40,29.60,31.80,26.80,31.00,26.20,30.20,25.40,30.00,25.20,26.90,26.10,25.90
WEST_CENTRAL,LCCC,TRS2,36.55,33.62,36.55,33.62,34.45,31.51,34.03,31.09,33.40,28.15,32.56,27.52,31.72,26.68,31.51,26.47,28.26,27.42,27.21
WEST_CENTRAL,LCCC,TRS3,37.29,34.30,37.29,34.30,35.15,32.15,34.72,31.72,34.08,28.72,33.22,28.08,32.36,27.22,32.15,27.01,28.83,27.97,27.76
WEST_CENTRAL,LCCC,TRS4,38.04,34.99,38.04,34.99,35.86,32.80,35.42,32.36,34.77,29.30,33.89,28.65,33.02,27.77,32.80,27.56,29.42,28.54,28.33
WEST_CENTRAL,LCCC,TSR,36.55,33.62,36.55,33.62,34.45,31.51,34.03,31.09,33.40,28.15,32.56,27.52,31.72,26.68,31.51,26.47,28.26,27.42,27.21
WEST_CENTRAL,LCCH,REG,39.00,28.60,39.00,28.00,34.80,27.60,34.80,27.40,30.40,26.80,30.40,26.20,30.40,25.60,28.80,25.60,26.81,26.30,26.07
WEST_CENTRAL,LCCH,TRS2,40.96,30.04,40.96,29.41,36.55,28.99,36.55,28.78,31.93,28.15,31.93,27.52,31.93,26.89,30.25,26.89,28.17,27.63,27.38
WEST_CENTRAL,LCCH,TRS3,41.79,30.65,41.79,30.01,37.29,29.58,37.29,29.36,32.58,28.72,32.58,28.08,32.58,27.44,30.86,27.44,28.74,28.19,27.94
WEST_CENTRAL,LCCH,TRS4,42.63,31.27,42.63,30.62,38.04,30.18,38.04,29.96,33.24,29.30,33.24,28.65,33.24,28.00,31.49,28.00,29.32,28.77,28.51
WEST_CENTRAL,LCCH,TSR,40.96,30.04,40.96,29.41,36.55,28.99,36.55,28.78,31.93,28.15,31.93,27.52,31.93,26.89,30.25,26.89,28.17,27.63,27.38
WEST_CENTRAL,RCCH,REG,39.00,26.40,39.00,26.20,34.80,26.60,34.80,26.40,30.40,25.20,30.40,23.60,30.40,23.60,25.60,23.80,24.60,24.60,24.06
WEST_CENTRAL,RCCH,TRS2,40.96,27.73,40.96,27.52,36.55,27.94,36.55,27.73,31.93,26.47,31.93,24.79,31.93,24.79,26.89,25.00,25.83,25.83,25.28
WEST_CENTRAL,RCCH,TRS3,41.79,28.29,41.79,28.08,37.29,28.51,37.29,28.29,32.58,27.01,32.58,25.29,32.58,25.29,27.44,25.51,26.36,26.36,25.79
WEST_CENTRAL,RCCH,TRS4,42.63,28.86,42.63,28.65,38.04,29.09,38.04,28.86,33.24,27.56,33.24,25.80,33.24,25.80,28.00,26.03,26.89,26.89,26.32
WEST_CENTRAL,RCCH,TSR,40.96,27.73,40.96,27.52,36.55,27.94,36.55,27.73,31.93,26.47,31.93,24.79,31.93,24.79,26.89,25.00,25.83,25.83,25.28
WEST_CENTRAL,RELATIVE,REG,10.19,5.72,10.19,5.72,9.34,6.46,9.34,6.46,8.93,5.87,8.93,5.87,8.93,5.87,8.29,6.41,6.32,6.32,6.69
