county_fips,place_fips,population
05001,,4553
05001,01030,256
05001,18790,3056
05001,26980,564
05001,33850,249
05001,61940,207
05001,67490,8264
05003,,10683
05003,16240,4822
05003,24670,108
05003,29500,2536
05003,53510,172
05003,56750,325
05003,75890,416
05005,,23708
05005,05980,88
05005,08665,236
05005,15490,886
05005,26050,2171
05005,38050,775
05005,47390,12825
05005,50000,465
05005,62240,473
05007,,48246
05007,03040,487
05007,04840,30104
05007,05320,54164
05007,12340,5495
05007,12820,17792
05007,17740,1773
05007,21430,465
05007,25750,593
05007,26290,3790
05007,28360,3547
05007,32200,1587
05007,40120,3055
05007,41720,9839
05007,54200,6559
05007,60410,69908
05007,64370,17287
05007,66080,9078
05007,66200,83
05007,67760,481
05009,,22983
05009,01060,290
05009,18850,757
05009,30460,13069
05009,39040,274
05011,,4480
05011,03430,87
05011,31540,525
05011,73310,5453
05013,,3219
05013,29650,1181
05013,69050,339
05015,,16970
05015,01060,84
05015,05560,5682
05015,22240,2166
05015,28600,2972
05015,50810,386
05017,,4394
05017,18520,2021
05017,22180,1728
05017,38170,2065
05019,,7859
05019,01360,681
05019,01870,10380
05019,10360,595
05019,29140,91
05019,29200,1840
05021,,5648
05021,15460,3227
05021,55130,3622
05021,56600,193
05021,58490,1862
05023,,15910
05023,15100,190
05023,22660,161
05023,28810,821
05023,31090,6969
05023,57950,660
05025,,6236
05025,36880,347
05025,59480,967
05027,,10386
05027,21580,293
05027,43100,381
05027,43460,11162
05027,68660,579
05029,,11978
05029,45200,274
05029,46970,6992
05029,52430,737
05029,56480,734
05031,,19061
05031,04180,1876
05031,07630,2409
05031,09100,4064
05031,11410,1133
05031,11920,280
05031,35710,78576
05031,37780,2326
05031,46400,1506
05033,,25544
05033,00970,5825
05033,12520,1424
05033,13570,144
05033,20200,772
05033,36670,1005
05033,47300,528
05033,48200,1543
05033,61460,130
05033,71480,23218
05035,,6468
05035,01457,135
05035,15940,462
05035,20320,1831
05035,27040,176
05035,35040,118
05035,44180,13752
05035,68060,184
05035,70430,517
05035,74540,24520
05037,,6922
05037,13540,575
05037,31900,228
05037,53600,794
05037,77090,8314
05039,,2509
05039,11830,222
05039,24220,3396
05039,65900,355
05041,,3137
05041,01990,376
05041,19990,4001
05041,42770,3849
05041,69230,32
05043,,8373
05043,46580,8442
05043,69230,140
05043,75860,395
05045,,46462
05045,15190,64134
05045,17290,137
05045,28510,5707
05045,29230,752
05045,44750,1984
05045,57950,34
05045,71960,4288
05047,,9956
05047,01210,665
05047,08440,296
05047,13300,2588
05047,52970,3542
05047,75570,50
05049,,8230
05049,02470,113
05049,13450,833
05049,29920,35
05049,33370,11
05049,43670,929
05049,62150,1566
05049,72140,358
05051,,62250
05051,33400,37930
05053,,13038
05053,63710,4920
05055,,13883
05055,44240,1212
05055,51060,1104
05055,53390,29537
05057,,10587
05057,07030,288
05057,33190,8952
05057,42410,57
05057,43070,30
05057,53900,57
05057,73370,94
05059,,21240
05059,43610,10867
05059,54620,257
05059,60020,676
05061,,6631
05061,18970,916
05061,46040,1085
05061,48560,4153
05063,,25654
05063,04030,11191
05063,12280,182
05063,16930,433
05063,46730,126
05063,56270,352
05065,,7457
05065,10570,888
05065,25030,191
05065,29080,68
05065,33370,2416
05065,45080,1830
05065,52880,573
05065,55580,154
05067,,5002
05067,04720,84
05067,18940,1224
05067,49580,8005
05067,68360,733
05067,70100,1707
05069,,17778
05069,01150,696
05069,33850,214
05069,55310,41253
05069,58580,1505
05069,63740,53
05069,72230,180
05069,75170,5581
05071,,13829
05071,14140,9381
05071,14500,820
05071,38290,1719
05073,,3730
05073,08290,405
05073,39640,915
05073,66320,1258
05075,,6050
05075,06700,590
05075,33580,2598
05075,34150,640
05075,56720,424
05075,57050,104
05075,58250,426
05075,72890,5384
05077,,4848
05077,44120,3575
05077,46910,177
05079,,9800
05079,27730,663
05079,27790,305
05079,66440,2173
05081,,6501
05081,02380,4261
05081,24250,977
05081,75980,287
05083,,12594
05083,07210,88
05083,07720,3809
05083,43310,740
05083,47030,78
05083,53480,3176
05083,62960,245
05083,67520,401
05085,,28722
05085,02860,3460
05085,10300,26569
05085,11500,2033
05085,21730,2477
05085,33820,219
05085,36550,207
05085,41420,4276
05085,73130,6052
05087,,13531
05087,33970,2879
05087,62060,111
05089,,11626
05089,09790,1952
05089,24010,1345
05089,57890,181
05089,67940,544
05089,77330,1178
05091,,12210
05091,24640,808
05091,25780,195
05091,68810,29387
05093,,8461
05093,07330,13406
05093,22120,254
05093,27700,2910
05093,35650,498
05093,36310,751
05093,39010,2039
05093,42170,942
05093,43820,3682
05093,52580,6976
05093,75920,766
05095,,2045
05095,08950,2700
05095,13990,1526
05095,32800,460
05095,60380,68
05097,,7123
05097,27310,62
05097,47690,996
05097,50030,303
05099,,4937
05099,57260,3101
05099,61040,272
05101,,6324
05101,34900,547
05101,74330,354
05103,,9441
05103,04420,776
05103,10720,10612
05103,13750,253
05103,20440,798
05103,66860,770
05105,,8384
05105,54650,262
05105,54710,1373
05107,,6194
05107,31190,9519
05107,44420,855
05109,,6382
05109,18100,288
05109,27310,2006
05109,48290,1495
05111,,7920
05111,30400,2212
05111,39370,1732
05111,44210,2286
05111,70010,7399
05111,70700,716
05111,72320,53
05111,73940,647
05113,,11720
05113,15700,319
05113,27970,496
05113,30700,345
05113,45170,5589
05113,71510,115
05113,75500,637
05115,,25758
05115,02590,2859
05115,19600,1337
05115,31150,411
05115,41270,936
05115,56990,3140
05115,61670,28940
05117,,4376
05117,18550,1905
05117,18640,520
05117,30940,1481
05119,,50264
05119,00580,220
05119,34750,29477
05119,41000,202591
05119,44600,19251
05119,50450,64591
05119,63800,32731
05121,,10821
05121,44780,379
05121,56540,7371
05123,,6970
05123,14950,293
05123,24430,13015
05123,33760,1056
05123,35040,0
05123,43280,759
05123,53150,506
05123,74840,279
05123,75560,212
05125,,55499
05125,00580,3165
05125,04090,629
05125,05290,35014
05125,09460,20663
05125,30640,3956
05125,63470,4490
05127,,6081
05127,43880,369
05127,72380,3386
05129,,6098
05129,05980,0
05129,26800,26
05129,39460,375
05129,44300,1329
05131,,21088
05131,03640,4782
05131,07540,587
05131,24550,89142
05131,28780,9516
05131,29290,784
05131,30490,499
05131,33940,490
05131,43880,684
05131,45500,227
05133,,8063
05133,18490,6105
05133,27010,157
05133,33310,920
05133,41090,594
05135,,8437
05135,02470,1024
05135,12280,1740
05135,13450,3947
05135,22360,420
05135,29920,708
05135,32257,982
05135,33370,13
05137,,9482
05137,47540,2877
05139,,20385
05139,21070,17756
05139,36130,503
05139,67370,410
05141,,10847
05141,14260,2509
05141,17290,245
05141,22660,1947
05141,63980,248
05143,,40497
05143,21190,3602
05143,21430,1896
05143,23170,7584
05143,23290,93949
05143,27670,2102
05143,28660,1213
05143,35500,3609
05143,39970,2294
05143,57170,7045
05143,66080,75083
05143,69740,4301
05143,74360,2331
05143,76190,365
05145,,36679
05145,03280,2522
05145,04600,8437
05145,08260,678
05145,32140,705
05145,36040,1854
05145,36430,1400
05145,43220,616
05145,53240,500
05145,60770,494
05145,63020,22937
05147,,1849
05147,02740,1998
05147,15550,529
05147,42500,1583
05147,53990,310
05149,,11766
05149,04960,312
05149,17320,2028
05149,17380,4517
05149,30790,239
05149,51560,934
05149,55970,467
13001,,18444
13003,,8286
13005,,11140
13007,,2876
13009,,43799
13011,,18035
13013,,83505
13015,,108901
13017,,17194
13019,,18160
13021,49008,157346
13023,,12583
13025,,18021
13027,,16301
13029,,44738
13031,,81099
13033,,24596
13035,,25434
13037,,5573
13039,,54768
13043,,10981
13045,,119148
13047,,67872
13049,,12518
13051,,295291
13053,21017,9565
13055,,24965
13057,,266620
13059,03440,127315
13059,09068,155
13059,83728,1201
13061,,2848
13063,,297595
13065,,6749
13067,,766149
13069,,43092
13071,,45898
13073,,156010
13075,,17229
13077,,146158
13079,,12130
13081,,20128
13083,,16251
13085,,26798
13087,,29367
13089,,724362
13089,04000,40020
13091,,19925
13093,,11208
13095,,85790
13097,,144237
13099,,10854
13101,26156,3697
13103,,64769
13105,,19637
13107,,22768
13109,,10774
13111,,25319
13113,,119194
13115,,98584
13117,,251283
13119,,23424
13121,,550147
13121,04000,458695
13121,17776,12957
13121,25720,38358
13121,36472,6553
13123,,31353
13125,,2884
13127,,84499
13129,,57544
13131,,26236
13133,,18915
13135,,957062
13137,,46031
13139,,203136
13141,,8735
13143,,29919
13145,,34668
13147,,25828
13149,,11412
13151,,240712
13153,,163633
13155,,9666
13157,,75907
13159,,14588
13161,,14779
13163,,15709
13165,,8674
13167,,9189
13169,,28347
13171,,18500
13173,,9877
13175,,49570
13177,,33163
13179,,65256
13181,,7690
13183,,16168
13185,,118251
13187,,33488
13189,,21632
13191,,10975
13193,,12082
13195,,30120
13197,,7498
13199,,20613
13201,,6000
13205,,21755
13207,,27957
13209,,8610
13211,,20097
13213,,39973
13215,19000,206922
13217,,112483
13219,,41799
13221,,14825
13223,,168661
13225,,27981
13227,,33216
13229,,19716
13231,,18889
13233,,42853
13235,,9855
13237,,22047
13239,32528,2235
13241,,16883
13243,,6425
13245,04204,202081
13245,09040,696
13245,38040,3830
13247,,93570
13249,,4547
13251,,14067
13253,,9147
13255,,67306
13257,,26784
13259,,5314
13261,,29616
13263,,5733
13265,,1559
13267,,22842
13269,,7816
13271,,12477
13273,,9185
13275,,45798
13277,,41344
13279,,27030
13281,,12493
13283,,6406
13285,,69426
13287,,9006
13289,,8022
13291,,24632
13293,,27700
13295,,67654
13297,,96673
13299,,36251
13301,,5215
13303,,19988
13305,,30144
13307,81128,2348
13309,,7471
13311,,28003
13313,,102864
13315,,8766
13317,,9565
13319,,8877
13321,,20784
19001,,7477
19001,11395,19
19003,,3704
19005,,14061
19007,,12317
19009,,5674
19011,,24620
19011,81840,955
19013,,131144
19015,,26377
19015,86970,338
19017,,24988
19019,,20565
19021,,20823
19023,,14334
19025,,9544
19025,26940,383
19027,,20760
19029,,13127
19031,,7272
19031,05770,347
19031,13530,1039
19031,22980,1677
19031,46920,807
19031,50700,1020
19031,67890,142
19031,75045,637
19031,78285,3149
19031,83595,2409
19031,86070,6
19033,,43127
19035,,11658
19037,,12003
19037,65010,9
19039,,3503
19039,55065,684
19039,59835,5415
19039,86880,146
19041,,16384
19043,,17043
19045,,46460
19047,,16525
19049,,10800
19049,00505,6153
19049,07660,127
19049,14520,7567
19049,18255,1901
19049,19135,116
19049,21045,915
19049,21225,640
19049,32160,1215
19049,33060,32
19049,45390,200
19049,52545,325
19049,62355,7836
19049,66045,731
19049,79950,11776
19049,80445,1484
19049,82695,23940
19049,83910,22912
19049,86970,1008
19051,,9110
19053,,2773
19053,19090,179
19053,19360,175
19053,29775,174
19053,32070,196
19053,42960,1969
19053,44535,1822
19053,44580,11
19053,63570,32
19053,80490,178
19053,83190,136
19055,,17488
19057,,38910
19059,,17703
19061,,19441
19061,03160,5943
19061,04375,79
19061,04510,23
19061,06085,114
19061,11305,1996
19061,12630,116
19061,22395,59667
19061,22935,20
19061,23115,4180
19061,25725,2023
19061,26760,1766
19061,31845,76
19061,36885,356
19061,47460,245
19061,56550,382
19061,62130,1908
19061,66810,202
19061,69690,95
19061,72660,189
19061,87060,382
19061,87690,63
19063,,9388
19065,,19507
19065,74955,2
19067,,15627
19069,,9981
19069,00190,38
19071,,6605
19073,,8766
19073,65505,5
19075,,12329
19077,,10237
19077,00370,18
19077,11395,368
19079,,15039
19081,,10795
19083,,15317
19083,00190,1561
19085,,14582
19087,,20482
19089,,9209
19089,65010,260
19091,,9597
19093,,7005
19095,,6677
19095,01720,388
19095,15870,252
19095,23520,64
19095,36030,113
19095,36975,135
19095,42330,229
19095,49395,2435
19095,51600,543
19095,52230,135
19095,57225,1060
19095,61770,194
19095,73965,165
19095,80805,786
19095,83505,140
19095,85845,3346
19097,,19485
19099,,37786
19099,52950,27
19101,,15663
19103,,21591
19103,16230,22318
19103,29325,193
19103,36345,863
19103,38595,74828
19103,46335,1357
19103,57360,20479
19103,60645,722
19103,72840,731
19103,73875,3018
19103,76890,914
19103,78060,4512
19103,79770,1228
19103,83595,100
19105,,20646
19107,,10028
19107,57225,5
19109,,14828
19111,,33555
19113,,19294
19113,01000,675
19113,06175,269
19113,12000,137710
19113,12270,2579
19113,12495,1264
19113,14925,701
19113,25365,2328
19113,26400,2828
19113,35940,7183
19113,45615,2233
19113,49485,41535
19113,54840,4527
19113,61230,1407
19113,64425,160
19113,67800,3353
19113,74775,1154
19113,81840,411
19113,81885,688
19115,,10837
19117,,3587
19117,12720,4193
19117,20125,90
19117,47100,172
19117,69285,472
19117,85935,120
19119,,11934
19121,,16548
19123,,22190
19125,,33414
19127,,40105
19129,,14484
19131,,10565
19133,,8751
19135,,7577
19137,,10330
19139,,10331
19139,03385,296
19139,07075,101
19139,15645,352
19139,22980,103
19139,29280,963
19139,55110,23797
19139,56685,340
19139,75450,176
19139,84315,3858
19139,86070,2918
19141,,14182
19143,,2107
19143,03295,436
19143,34635,151
19143,51060,199
19143,58530,439
19143,72975,2860
19145,,15211
19147,,8996
19149,,25692
19149,73335,6
19151,,7078
19153,,24418
19153,01180,423
19153,01630,19565
19153,02305,67887
19153,07390,7365
19153,10765,73
19153,14520,11034
19153,21000,213921
19153,24735,882
19153,32160,439
19153,33060,15360
19153,39765,24064
19153,52950,2458
19153,63525,10147
19153,64020,5543
19153,69240,457
19153,70995,3584
19153,72345,143
19153,79950,33804
19153,83910,45582
19153,86250,5252
19155,,93656
19155,72300,11
19157,,18662
19159,,4637
19159,19810,26
19161,,9814
19163,,174669
19165,,11746
19167,,35872
19169,,9127
19169,01855,66427
19169,10225,827
19169,15195,495
19169,15240,845
19169,30630,1211
19169,37920,4244
19169,40395,304
19169,47775,353
19169,50520,859
19169,55695,6925
19169,68475,1362
19169,72345,135
19169,73515,1543
19169,75675,3352
19169,87555,528
19171,,17135
19173,,5896
19175,,2986
19175,00595,874
19175,02800,96
19175,17265,7536
19175,17490,105
19175,40710,37
19175,46515,386
19175,71940,67
19175,77565,51
19177,,7203
19179,,35163
19179,06850,274
19181,,15684
19181,00235,115
19181,06490,3
19181,10765,4087
19181,17850,436
19181,21000,212
19181,34680,733
19181,38280,15833
19181,42285,345
19181,49890,421
19181,52455,778
19181,56595,498
19181,57675,12799
19181,70095,108
19181,70590,58
19181,74685,68
19181,83910,225
19183,,8449
19183,00730,511
19183,08470,600
19183,16140,18
19183,17130,277
19183,40170,2630
19183,67440,1060
19183,82335,7352
19183,83280,1524
19183,83775,144
19185,,3056
19185,01270,430
19185,14475,67
19185,16635,1526
19185,37605,465
19185,45435,195
19185,52275,36
19185,64875,88
19185,71760,634
19187,,36999
19187,26940,0
19189,,10679
19191,,20070
19193,,105941
19195,,7443
19197,,12943
20001,,3862
20001,25975,475
20001,33450,1847
20001,34300,5396
20001,37725,480
20001,48125,466
20003,,4110
20003,14950,381
20003,25925,3242
20003,36875,103
20005,,4968
20005,02900,10885
20005,20025,495
20007,,1545
20007,37125,902
20007,45500,1781
20009,,5488
20009,13425,562
20009,20425,2011
20009,28300,14733
20009,32550,2699
20011,,6115
20011,08475,304
20011,24000,7552
20011,44550,96
20011,72525,293
20013,,4454
20013,22425,240
20013,31675,3280
20013,33200,1523
20013,62025,11
20015,,20385
20015,01800,14892
20015,03300,9256
20015,06175,943
20015,18400,1555
20015,20075,12870
20015,38775,96
20015,39450,669
20015,57300,421
20015,61250,4185
20015,71125,1447
20015,78050,661
20017,,1335
20017,15900,851
20017,68650,386
20019,,1903
20019,11450,476
20019,63750,1000
20021,,7377
20021,04625,3888
20021,15075,2929
20021,16325,116
20021,25100,2761
20021,29550,101
20021,43050,244
20021,53450,0
20021,60200,771
20021,61275,76
20021,63325,376
20021,76350,569
20021,77150,154
20023,,1353
20023,62175,1263
20025,,470
20025,02675,783
20025,47150,738
20027,,2774
20027,13625,4199
20027,14200,189
20027,42575,73
20027,51700,24
20027,74525,858
20029,,3040
20029,15200,5111
20029,26375,441
20029,46950,440
20031,,3089
20031,09400,2634
20031,28850,313
20031,39125,885
20031,39650,451
20031,50450,414
20031,76050,574
20033,,467
20033,14700,687
20033,57850,498
20033,79550,37
20035,,9625
20035,02300,11974
20035,09250,512
20035,71950,661
20035,79950,11777
20037,,10081
20037,02375,1407
20037,12825,590
20037,24850,3382
20037,26300,2496
20037,43725,370
20037,56025,20646
20039,,1120
20039,52000,1644
20041,,7464
20041,00125,6460
20041,12550,1377
20041,31400,2109
20041,66275,992
20043,,3157
20043,20950,1125
20043,31850,903
20043,71575,964
20043,76000,1246
20043,77850,115
20045,,12029
20045,03900,4826
20045,21675,6408
20045,38900,94934
20045,39150,588
20047,,1451
20047,37075,1456
20049,,1913
20049,33250,570
20051,,4561
20051,20450,1958
20051,31100,21116
20051,63425,170
20051,73775,1129
20053,,2008
20053,20500,3066
20053,35950,443
20053,79675,859
20055,,8074
20055,25325,28151
20055,32575,2245
20057,,5772
20057,09000,727
20057,18250,27788
20059,,9196
20059,38400,241
20059,53550,12625
20059,57000,884
20059,57725,248
20059,59675,459
20059,76625,1953
20059,79300,390
20061,,11702
20061,27425,1697
20061,35750,22932
20061,46525,408
20063,,1527
20063,28900,260
20063,51825,2
20063,58250,929
20065,,897
20065,32175,1403
20065,48275,115
20067,,1564
20067,71975,5788
20069,,2697
20069,13275,1981
20069,47875,975
20071,28412,410
20071,33150,102
20071,71450,772
20073,,3479
20073,21800,2332
20073,64050,205
20075,,692
20075,69850,1826
20077,,1474
20077,01975,2108
20077,03100,516
20077,07775,45
20077,17000,29
20077,30175,1313
20079,,13152
20079,09575,861
20079,50475,18602
20079,63800,1409
20081,,1275
20081,63150,1092
20081,68775,1413
20083,,953
20083,35450,770
20085,,9483
20085,32825,3401
20085,45250,348
20087,,12612
20087,43900,859
20087,45950,744
20087,53375,1110
20087,53925,638
20087,55450,852
20087,73300,1092
20087,79800,461
20089,,2096
20089,44300,836
20091,,15606
20091,07975,0
20091,17850,6118
20091,19825,1748
20091,22700,4170
20091,25425,23287
20091,39075,33902
20091,39350,57434
20091,46000,11098
20091,47225,9954
20091,47350,3594
20091,47425,203
20091,52575,141290
20091,53775,197238
20091,57575,22957
20091,60825,6871
20091,64500,67311
20091,67625,4932
20091,77500,1750
20091,77525,400
20093,,1067
20093,17225,711
20093,38175,2205
20095,,3860
20095,16775,444
20095,36950,3105
20095,67250,61
20097,,1523
20097,28675,740
20097,49075,197
20099,,6190
20099,01550,1061
20099,12950,929
20099,19900,388
20099,48825,348
20099,53450,1668
20099,54675,9600
20101,,614
20101,18050,960
20103,,20188
20103,04400,6896
20103,07975,6
20103,17850,0
20103,19600,213
20103,38650,11239
20103,39000,37351
20103,41475,415
20103,70800,5573
20105,,1633
20105,06500,135
20105,41300,1171
20107,,5489
20107,37575,1050
20107,41465,956
20107,48750,647
20107,54500,241
20107,56450,1208
20109,,766
20109,51825,1996
20111,,6161
20111,01675,776
20111,21275,24139
20111,30475,355
20111,49875,229
20111,52800,519
20113,,9107
20113,10475,685
20113,41375,3776
20113,43950,14082
20113,44925,599
20113,48800,1974
20115,,5838
20115,23600,394
20115,32275,2732
20115,44750,1922
20115,55100,937
20117,,3876
20117,03600,399
20117,07650,928
20117,24275,730
20117,45050,3447
20117,75950,658
20119,,2016
20119,24175,534
20119,45325,1505
20121,,15969
20121,23650,210
20121,42875,4969
20121,53225,4255
20121,54250,5768
20121,67625,3020
20123,,1380
20123,05775,3404
20123,11175,457
20123,26500,362
20123,70675,193
20125,,9750
20125,10375,1788
20125,12925,2192
20125,14600,8826
20125,17150,382
20125,33875,8548
20127,,3246
20127,15925,2140
20127,31400,0
20129,,429
20129,20350,1888
20129,60900,384
20131,,5600
20131,62025,2534
20131,63950,2139
20133,,5089
20133,12500,8722
20133,21500,1047
20133,62500,614
20133,70300,432
20135,,999
20135,49925,1329
20135,58500,260
20135,72650,99
20137,,2349
20137,01425,363
20137,51500,2747
20139,,7531
20139,09350,971
20139,10600,1352
20139,43350,1037
20139,45700,356
20139,53200,2861
20139,53725,1005
20139,63675,653
20141,,2700
20141,18500,800
20143,,2865
20143,06075,622
20143,17600,302
20143,47075,1946
20145,,2484
20145,38700,3769
20147,,2095
20147,26325,52
20147,42100,460
20147,55675,2337
20147,67175,37
20149,,14363
20149,05925,177
20149,21100,170
20149,30775,119
20149,42925,131
20149,44250,0
20149,52825,218
20149,52875,679
20149,62200,1054
20149,62400,2759
20149,75325,4840
20149,77200,740
20149,77700,98
20151,,2554
20151,57625,6603
20153,,2561
20155,,15678
20155,02325,435
20155,09200,1325
20155,33625,40006
20155,50525,1058
20155,57700,660
20155,66750,2521
20155,69800,215
20157,,2667
20157,05600,2007
20159,,2342
20159,00950,122
20159,12650,396
20159,26075,236
20159,41575,472
20159,43525,3611
20159,68200,2248
20161,,14669
20161,39500,432
20161,44250,54100
20161,52275,1661
20161,58475,159
20161,59875,938
20163,,1485
20163,54125,208
20163,56150,1746
20163,68350,1480
20165,,1598
20165,37500,1266
20165,40400,92
20167,,1792
20167,43150,332
20167,43250,166
20167,61825,4401
20169,,7414
20169,62700,46889
20171,,1038
20171,63600,4113
20173,,50744
20173,13925,2653
20173,17800,25625
20173,25375,948
20173,26725,5084
20173,31125,11262
20173,36225,2217
20173,44200,5735
20173,48900,806
20173,49100,5351
20173,54450,8333
20173,63800,194
20173,73250,7340
20173,79000,397532
20175,,2139
20175,39825,19825
20177,,48537
20177,03250,1273
20177,61400,1105
20177,65600,1345
20177,71000,126587
20177,79250,62
20179,,2447
20181,,1309
20181,26875,4465
20181,35975,153
20183,,1600
20183,36550,399
20183,65925,1571
20185,,1885
20185,62275,1228
20185,67775,959
20187,,2084
20189,,1231
20189,33425,3747
20189,48600,272
20191,,8575
20191,02250,456
20191,05500,1467
20191,09900,1025
20191,15325,1086
20191,45275,75
20191,49100,935
20191,53850,1048
20191,76475,7715
20193,,2312
20193,14650,5570
20193,51825,48
20195,,912
20195,14900,97
20195,74450,1799
20197,,3924
20197,01350,802
20197,01575,409
20197,21650,439
20197,30575,178
20197,43775,272
20197,44500,631
20197,54950,210
20197,79250,12
20199,,1512
20201,,4194
20201,14200,265
20201,75825,1071
20203,,2152
20205,,3844
20205,01625,354
20205,24575,2151
20205,49650,2275
20207,,1557
20207,71050,206
20207,80700,1352
20209,,90
20209,07975,7831
20209,20000,4717
20209,36000,156607
27001,,15697
27003,,363887
27005,,25314
27005,15832,9869
27007,,30809
27007,05068,14574
27007,06256,845
27009,,41379
27011,,5166
27013,,24624
27013,39878,44488
27015,,11792
27015,46042,14120
27017,,19863
27017,12160,12568
27017,43954,2789
27017,58936,987
27019,,80975
27019,10918,25947
27021,,29100
27021,67792,966
27023,,12598
27025,,56621
27027,,16201
27027,15976,4612
27027,43864,44505
27029,,8524
27031,,5600
27033,,11517
27035,,43116
27035,04042,8612
27035,07300,14395
27037,,419267
27037,69700,20615
27039,,20867
27041,,39006
27043,,10747
27043,06688,3174
27045,,20504
27045,35450,724
27047,,12403
27047,00694,18492
27049,,47582
27051,,6074
27053,,562681
27053,06616,89987
27053,10918,0
27053,18188,53494
27053,20078,2355
27053,24308,22552
27053,40166,70253
27053,43000,429954
27053,54214,36994
27053,55186,13295
27055,,18843
27057,,21344
27059,,31524
27059,09370,9611
27061,,33888
27061,25118,11126
27063,,9989
27065,,16032
27067,,20353
27067,45682,1252
27067,61690,1112
27067,70420,21015
27069,,4207
27071,,6260
27071,31040,5802
27073,,6719
27075,,7272
27075,65956,3633
27077,,3763
27079,,28674
27081,,5640
27083,,11641
27083,40688,13628
27085,,22172
27085,30644,14599
27087,,5411
27089,,7435
27089,68170,1605
27091,,9538
27091,20330,10487
27093,,16776
27093,37448,6624
27095,,26459
27097,,34010
27099,,13855
27099,02908,26174
27101,,8179
27103,,8121
27103,39878,0
27103,47068,14267
27103,58036,12066
27105,,8343
27105,71734,13947
27107,,6441
27109,,41452
27109,54880,121395
27111,,42450
27111,20906,14119
27111,50470,3512
27113,,13992
27115,,28876
27117,,9424
27119,,22016
27119,17612,9176
27121,,8651
27121,24074,2657
27123,,204571
27123,55852,36254
27123,58000,311527
27125,,3935
27127,,15425
27129,,14723
27131,,67097
27133,,9704
27135,,15331
27137,,75558
27137,17000,86697
27137,28682,10221
27137,28790,16214
27137,52630,3120
27137,67288,8421
27139,,150928
27141,,71348
27141,18674,25835
27143,,13876
27143,28394,960
27145,,143774
27145,03070,1618
27145,11800,4
27145,58648,4555
27145,67612,8341
27147,,36091
27147,41426,1315
27149,,9671
27151,,9838
27153,,23141
27153,62446,2121
27155,,3360
27157,,21387
27159,,13197
27159,62446,868
27161,,18968
27163,,144769
27163,47680,28303
27163,62824,19394
27163,71428,75102
27165,,11253
27167,,6506
27169,,49671
27171,,124964
27171,11800,1918
27171,43774,14455
27173,,9528
31001,,4386
31001,21415,25152
31001,24950,748
31001,25160,919
31003,,3062
31003,09445,320
31003,14730,717
31003,33775,1536
31003,37210,363
31003,48935,297
31005,,434
31007,,674
31009,,428
31009,20680,3
31011,,2241
31011,00555,1699
31011,08220,382
31011,38995,332
31011,43055,725
31013,,1904
31013,00905,8151
31013,22045,787
31015,,1402
31015,46275,408
31017,,1287
31017,00415,1616
31019,,11635
31019,15360,979
31019,18615,1878
31019,25055,33790
31019,39450,361
31019,40710,1441
31021,,2405
31021,12525,410
31021,29855,824
31021,35490,1369
31021,48515,1714
31023,,4181
31023,04020,407
31023,06120,336
31023,12315,2995
31023,28245,94
31023,41480,356
31025,,14572
31025,14100,1065
31025,15430,654
31025,20190,595
31025,29260,1319
31025,30415,167
31025,33425,480
31025,33740,173
31025,39345,6544
31025,52015,1029
31027,,4125
31027,09865,537
31027,17110,134
31027,21275,1517
31027,26350,972
31027,40675,879
31027,53905,216
31029,,1276
31029,23690,2068
31029,51700,549
31031,,2822
31031,49950,2633
31033,,3058
31033,45295,6410
31035,,2171
31035,09375,735
31035,12945,42
31035,14450,428
31035,16445,330
31035,21345,951
31035,47955,1447
31037,,2398
31037,09200,641
31037,23340,561
31037,26560,435
31037,44035,6547
31039,,3167
31039,03005,496
31039,03635,611
31039,52575,3500
31039,53450,1239
31041,,4787
31041,01535,459
31041,02095,592
31041,06610,3506
31041,07660,563
31041,35665,138
31041,43685,500
31043,,4761
31043,12000,2081
31043,15710,337
31043,23375,153
31043,24355,207
31043,46030,14043
31045,,2153
31045,08605,5206
31045,11195,840
31047,,6115
31047,11020,3988
31047,16725,182
31047,19385,3478
31047,26910,10348
31049,,600
31049,04895,394
31049,08885,844
31051,,3141
31051,15710,385
31051,39695,907
31051,51070,1173
31053,,6195
31053,13295,611
31053,17670,27141
31053,23025,857
31053,34720,1279
31053,44280,843
31053,49425,241
31055,,85983
31055,04405,2026
31055,37000,486051
31055,40605,6494
31055,50020,3037
31055,51665,935
31057,,833
31057,04230,821
31059,,2195
31059,16340,523
31059,18405,2136
31059,19455,106
31059,32200,244
31059,45085,347
31061,,1446
31061,17530,941
31061,22430,377
31061,49880,125
31063,,1062
31063,11825,806
31063,16165,389
31063,31325,262
31065,,1380
31065,01780,1002
31065,03495,537
31065,07730,1071
31065,14520,111
31065,37910,535
31067,,6311
31067,00240,604
31067,03390,12261
31067,09270,263
31067,10635,504
31067,16830,124
31067,35735,260
31067,53835,1377
31069,,890
31069,26805,175
31069,37560,809
31071,,726
31071,07345,1087
31073,,1235
31073,15570,658
31075,,446
31075,23655,165
31077,,1378
31077,20050,402
31077,46135,408
31079,,6961
31079,07625,822
31079,13365,809
31079,19595,53131
31079,53660,1172
31081,,9193
31081,30730,236
31083,,1713
31083,00975,1043
31083,37910,183
31083,41130,134
31085,,856
31087,,2100
31087,49145,516
31089,,4093
31089,02550,1306
31089,08675,288
31089,16270,373
31089,37105,3581
31089,47500,486
31091,,211
31091,33250,500
31093,,3786
31093,12140,273
31093,43265,2416
31095,,2405
31095,12455,153
31095,13085,247
31095,16410,3970
31095,24530,101
31095,39590,364
31097,,3116
31097,47150,480
31097,48480,1694
31099,,3570
31099,32340,3118
31101,,2941
31101,35980,4878
31101,38610,516
31103,,531
31103,46625,238
31105,,1144
31105,25475,2290
31107,,3991
31107,05455,986
31107,11230,1147
31107,11440,756
31107,34370,365
31107,50370,554
31107,51735,592
31109,,22497
31109,04300,1082
31109,12280,135
31109,20610,268
31109,22325,2607
31109,28000,291082
31109,30345,457
31109,41830,201
31109,51770,4279
31111,,9973
31111,35000,23390
31111,47920,1313
31113,,716
31115,,607
31117,,399
31119,,5514
31119,03250,1194
31119,30240,2283
31119,31465,287
31119,34230,657
31119,34615,24955
31119,48935,695
31121,,3526
31121,08535,3039
31121,09165,344
31121,38160,439
31121,45400,320
31123,,1961
31123,03285,1140
31123,06295,1454
31125,,1242
31125,17810,1244
31125,18475,894
31127,,2817
31127,02655,3470
31127,06750,139
31127,38960,648
31129,,1542
31129,26420,272
31129,33880,456
31129,47815,1825
31131,,5753
31131,13505,166
31131,33705,7222
31131,38190,534
31131,48235,1941
31131,49530,296
31133,,1679
31133,38575,865
31135,,1661
31135,19910,1197
31137,,2353
31137,04615,709
31137,22640,5515
31137,29085,391
31139,,3396
31139,37595,794
31139,39100,1845
31139,39170,1282
31139,40675,0
31141,,8097
31141,10110,24028
31141,13890,392
31141,23480,857
31141,28105,283
31141,32585,296
31141,34230,10
31141,39310,333
31143,,2486
31143,37525,875
31143,44595,710
31143,47465,1143
31145,,3256
31145,29925,7446
31147,,2793
31147,16655,4133
31147,23445,800
31147,42670,145
31149,,724
31149,03215,538
31151,,3162
31151,11370,7099
31151,13015,530
31151,13435,610
31151,17775,954
31151,52960,1937
31153,,78939
31153,03950,64176
31153,20260,5083
31153,26385,16746
31153,38295,24159
31153,46520,1501
31155,,13455
31155,02305,3086
31155,08570,919
31155,50965,4818
31157,,8830
31157,18580,8564
31157,32305,715
31157,32410,1548
31157,32830,934
31157,44245,14436
31157,48585,1057
31159,,6504
31159,03530,375
31159,10495,92
31159,32060,2155
31159,44420,7643
31159,49915,840
31161,,2208
31161,19350,1504
31161,21730,599
31161,42775,816
31163,,1906
31163,29470,1053
31165,,896
31165,21240,239
31167,,4082
31167,39135,240
31167,46800,1520
31169,,2173
31169,06820,281
31169,07555,83
31169,09095,224
31169,12840,752
31169,21905,1458
31169,23410,63
31171,,396
31171,20680,65
31171,48760,208
31173,,5540
31173,15710,118
31173,38750,1115
31175,,1663
31175,01850,283
31175,37280,2113
31177,,10667
31177,01990,1300
31177,05350,7790
31177,17145,1108
31179,,3375
31179,51070,349
31179,51840,5973
31181,,1429
31181,05560,805
31181,20365,199
31181,40920,962
31183,,774
31185,,4104
31185,04195,203
31185,20225,219
31185,22080,1080
31185,29960,453
31185,54045,8066
32001,,25516
32003,,2265461
32005,,49488
32007,,53702
32009,,729
32011,,1855
32013,,17285
32015,,5734
32017,,4499
32019,,59235
32021,,4554
32023,,51591
32027,,6650
32029,,4104
32031,,486492
32033,,9080
32510,09700,58639
36001,,314848
36003,,46456
36005,51000,1472654
36007,,198683
36009,,77042
36011,,76248
36013,,127657
36015,,84148
36017,,47220
36019,,79843
36021,,61570
36023,,46809
36025,,44308
36027,,295911
36029,,954236
36031,,37381
36033,,47555
36035,,53324
36037,,58388
36039,,47931
36041,,5107
36043,,60139
36045,,116721
36047,51000,2736074
36049,,26582
36051,,61834
36053,,68016
36055,,759443
36057,,49532
36059,,1395774
36061,51000,1694251
36063,,212666
36065,,232125
36067,,476516
36069,,112458
36071,,401310
36073,,40343
36075,,117525
36077,,58524
36079,,97668
36081,51000,2405464
36083,,161130
36085,51000,495747
36087,,338329
36089,,108505
36091,,235509
36093,,158061
36095,,29714
36097,,17898
36099,,33814
36101,,93584
36103,,1525920
36105,,78624
36107,,48455
36109,,105740
36111,,181851
36113,,65737
36115,,61302
36117,,91283
36119,,792888
36119,84000,211569
36121,,40531
36123,,24774
37001,,171415
37003,,36444
37005,,10888
37007,,22055
37009,,26577
37011,,17806
37013,,44652
37015,,17934
37017,,29606
37019,,136693
37021,,269452
37023,,87570
37025,,225804
37027,,80652
37029,,10355
37031,,67686
37033,,22736
37035,,160610
37037,,76285
37039,,28774
37041,,13708
37043,,11089
37045,,99519
37047,,50623
37049,,100720
37051,,334728
37053,,28100
37055,,36915
37057,,168930
37059,,42712
37061,,48715
37063,,324833
37065,,48900
37067,,382590
37069,,68573
37071,,227943
37073,,10478
37075,,8030
37077,,60992
37079,,20451
37081,,541299
37083,,48622
37085,,133568
37087,,62089
37089,,116281
37091,,21552
37093,,52082
37095,,4589
37097,,186693
37099,,43109
37101,,215999
37103,,9172
37105,,63285
37107,,55122
37109,,86810
37111,,44578
37113,,37014
37115,,21193
37117,,22031
37119,,1115482
37121,,14903
37123,,25751
37125,,99727
37127,,94970
37129,,225702
37131,,17471
37133,,204576
37135,,148696
37137,,12276
37139,,40568
37141,,60203
37143,,13005
37145,,39097
37147,,170243
37149,,19328
37151,,144171
37153,,42946
37155,,116530
37157,,91096
37159,,146875
37161,,64444
37163,,59036
37165,,34174
37167,,62504
37169,,44520
37171,,71359
37173,,14117
37175,,32986
37177,,3245
37179,,238267
37181,,42578
37183,,1129410
37185,,18642
37187,,11003
37189,,54086
37191,,117333
37193,,65969
37195,,78784
37197,,37214
37199,,18470
38001,,1001
38001,37700,1074
38001,65900,125
38003,,4100
38003,81180,6575
38003,86620,178
38005,,4921
38005,45580,442
38005,49620,402
38005,53220,199
38007,,824
38007,51900,121
38009,,3770
38009,08460,2194
38009,44700,41
38009,85020,374
38011,,1265
38011,08700,1470
38011,71500,258
38013,,1675
38013,46540,141
38013,64140,385
38015,,20391
38015,07200,73622
38015,46640,4257
38015,86580,188
38017,,9527
38017,10420,195
38017,12700,2479
38017,24260,6
38017,25700,125990
38017,28720,195
38017,35940,794
38017,38900,3085
38017,39460,332
38017,42780,889
38017,45980,248
38017,50580,1320
38017,60480,381
38017,60500,190
38017,79340,268
38017,84780,38626
38019,,1605
38019,44780,1909
38019,55020,190
38021,,2076
38021,23220,1125
38021,58740,1798
38023,,1130
38023,16940,1065
38025,,2915
38025,34340,241
38025,42700,939
38027,,986
38027,56620,1361
38029,,1628
38029,36700,223
38029,46980,1071
38029,76500,379
38031,,1317
38031,12340,2080
38033,,755
38033,05420,981
38035,,10661
38035,32060,59166
38035,45020,1260
38035,58300,982
38035,78660,1101
38037,,1286
38037,12460,254
38037,23020,543
38037,56420,218
38039,,1027
38039,07020,170
38039,15900,983
38039,35020,126
38041,,983
38041,54620,653
38041,56180,683
38041,66020,170
38043,,1729
38043,75780,665
38045,,2376
38045,22140,585
38045,43580,368
38045,44540,764
38047,,808
38047,28380,38
38047,28860,281
38047,55420,749
38049,,3018
38049,02220,230
38049,20300,292
38049,32660,240
38049,79420,479
38049,81620,1086
38051,,1053
38051,03540,613
38051,87020,864
38053,,8178
38053,01180,319
38053,83860,6207
38055,,4822
38055,29460,1462
38055,51380,331
38055,79940,542
38055,80660,784
38055,83700,1300
38055,86580,530
38057,,3011
38057,06660,3058
38057,36780,2281
38059,,7380
38059,30860,732
38059,49900,24206
38059,56700,973
38061,,4724
38061,56740,2764
38061,75380,2321
38063,,1443
38063,02380,234
38063,44300,683
38063,49580,392
38063,52740,263
38065,,1289
38065,13180,588
38067,,3092
38067,12940,1246
38067,20340,757
38067,55620,344
38067,61580,512
38067,82980,893
38069,,1481
38069,68860,2509
38071,,4413
38071,19420,7192
38073,,2533
38073,24260,875
38073,27580,91
38073,47100,2204
38075,,990
38075,30580,404
38075,53780,694
38075,72540,194
38077,,6032
38077,15180,172
38077,25300,343
38077,34900,921
38077,46460,600
38077,82660,8007
38077,87740,454
38079,,9526
38079,21020,632
38079,67780,484
38079,67820,1223
38079,69980,322
38081,,1805
38081,27260,509
38081,34020,924
38081,52940,624
38083,,943
38083,49020,322
38085,,3898
38087,,706
38089,,5885
38089,05820,996
38089,19620,25679
38089,66500,692
38089,74185,394
38091,,1125
38091,26420,401
38091,38860,272
38093,,5287
38093,40580,15849
38093,51860,264
38093,76620,149
38093,87580,44
38095,,935
38095,07180,110
38095,11860,1117
38097,,3204
38097,36100,712
38097,38100,1649
38097,51500,1854
38097,63900,578
38099,,3907
38099,22260,199
38099,31820,4170
38099,38780,247
38099,53540,616
38099,60900,1424
38101,,17299
38101,06460,490
38101,10940,1291
38101,12260,144
38101,42020,961
38101,53380,48377
38101,77180,1357
38103,,1870
38103,26180,462
38103,35900,1650
38105,,8627
38105,33500,221
38105,65580,740
38105,78940,2202
38105,86220,29160
39001,,27477
39003,,102206
39005,,52447
39007,,97574
39009,,62431
39011,,46422
39013,,66497
39015,,43676
39017,,390357
39019,,26721
39021,,38714
39023,,136001
39025,,208601
39027,,42018
39029,,101877
39031,,36612
39033,,42025
39035,,1264817
39037,,51881
39039,,38286
39041,,214124
39043,,75622
39045,,158921
39047,,28951
39049,,1323807
39051,,42713
39053,,29220
39055,,95397
39057,,167966
39059,,38438
39061,,830639
39063,,74920
39065,,30696
39067,,14483
39069,,27662
39071,,43317
39073,,28050
39075,,44223
39077,,58565
39079,,32653
39081,,65249
39083,,62721
39085,,232603
39087,,58240
39089,,178519
39091,,46150
39093,,312964
39095,,431279
39097,,43824
39099,,228614
39101,,65359
39103,,182470
39105,,22210
39107,,42528
39109,,108774
39111,,13385
39113,,537309
39115,,13802
39117,,34950
39119,,86410
39121,,14115
39123,,40364
39125,,18806
39127,,35408
39129,,58539
39131,,27088
39133,,161791
39135,,40999
39137,,34451
39139,,124936
39141,,77093
39143,,58896
39145,,74008
39147,,55069
39149,,48230
39151,,374853
39153,,540428
39155,,201977
39157,,93263
39159,,62784
39161,,28931
39163,,12800
39165,,242337
39167,,59771
39169,,116894
39171,,37102
39173,,132248
39175,,21900
40001,,14204
40001,70350,3700
40001,79100,227
40001,80450,1364
40003,,1549
40003,01350,168
40003,10050,124
40003,10650,37
40003,12000,360
40003,13750,1476
40003,29900,251
40003,33450,1537
40003,38000,197
40005,,9931
40005,03300,3195
40005,11550,185
40005,70850,419
40005,75250,413
40007,,3253
40007,04750,1280
40007,26900,450
40007,28800,60
40007,40100,6
40009,,4733
40009,12300,183
40009,23500,11561
40009,24200,1000
40009,65700,4809
40009,71900,81
40009,73150,43
40011,,2903
40011,11600,468
40011,28900,867
40011,31250,114
40011,34850,102
40011,36700,315
40011,43950,186
40011,54150,1090
40011,78950,2690
40013,,20890
40013,00100,398
40013,05400,282
40013,07350,574
40013,10800,1017
40013,10950,2916
40013,16050,1027
40013,22050,18589
40013,39200,147
40013,47250,227
40015,,10241
40015,02050,5745
40015,02300,1034
40015,06200,438
40015,08750,97
40015,12050,1430
40015,13000,436
40015,19000,827
40015,22400,293
40015,27100,518
40015,30600,279
40015,34750,4917
40015,36700,612
40015,44000,78
40017,,6662
40017,11050,443
40017,23700,16989
40017,28900,127
40017,50100,19879
40017,54050,264
40017,55000,77226
40017,58700,7391
40017,75950,1794
40017,82950,23630
40019,,12213
40019,02600,24725
40019,20700,1331
40019,28950,154
40019,33350,2328
40019,43750,4993
40019,61900,64
40019,69500,685
40019,72500,111
40019,81500,1399
40021,,30374
40021,27200,12
40021,36400,483
40021,53550,0
40021,72100,16209
40023,,7402
40023,07750,579
40023,27400,492
40023,36300,5166
40023,65650,340
40023,68500,225
40025,,854
40025,07300,1166
40025,39600,276
40027,,13767
40027,42700,2010
40027,49200,62793
40027,52150,6985
40027,52500,128026
40027,55000,77784
40027,61150,0
40027,67950,4163
40029,,3000
40029,15800,1667
40029,42200,272
40029,75050,327
40031,,19928
40031,10700,2930
40031,13600,400
40031,23450,3656
40031,25650,114
40031,26350,1204
40031,29100,1158
40031,36850,275
40031,41850,90381
40031,47350,411
40031,70150,668
40033,,2253
40033,72750,862
40033,78150,2412
40035,,7466
40035,05900,174
40035,06950,235
40035,39550,417
40035,41500,0
40035,77550,5193
40035,79750,622
40037,,34341
40037,08900,4248
40037,20300,411
40037,21750,2490
40037,39000,1019
40037,39750,2187
40037,46200,3204
40037,49550,930
40037,54000,885
40037,65400,21822
40037,66600,65
40037,68000,151
40037,71000,1
40039,,5517
40039,02500,668
40039,10450,208
40039,15400,8517
40039,18950,367
40039,32250,17
40039,73450,1143
40039,79450,12076
40041,,26668
40041,05550,422
40041,15250,1220
40041,16100,728
40041,31600,6956
40041,37650,2425
40041,38600,711
40041,53550,267
40041,80350,1000
40043,,2127
40043,11150,193
40043,42050,415
40043,66250,850
40043,72350,288
40043,77300,611
40045,,1260
40045,02800,495
40045,25450,312
40045,28250,433
40045,66750,1249
40047,,6345
40047,17700,472
40047,21250,51
40047,21700,455
40047,23950,51308
40047,24950,132
40047,28500,725
40047,34650,75
40047,36600,145
40047,40400,247
40047,40700,539
40047,52600,1003
40047,79200,1349
40049,,10823
40049,19450,0
40049,23600,738
40049,27500,246
40049,43150,2864
40049,47150,1078
40049,57100,583
40049,57550,5992
40049,70800,1405
40049,82400,1927
40051,,24147
40051,01250,482
40051,01900,413
40051,06700,2119
40051,08300,78
40051,13950,16051
40051,48750,1500
40051,52100,775
40051,52450,129
40051,59700,183
40051,64300,997
40051,75450,7413
40051,77000,508
40053,,1365
40053,19650,78
40053,41350,301
40053,46000,90
40053,47300,932
40053,50300,192
40053,59950,885
40053,62900,15
40053,77950,311
40055,,982
40055,30950,1628
40055,46050,2762
40055,81300,119
40057,,590
40057,30400,103
40057,35500,1795
40059,,981
40059,09850,1039
40059,41700,1223
40059,47000,29
40061,,7258
40061,39500,437
40061,39950,285
40061,44950,355
40061,70250,2703
40061,72400,152
40061,80800,371
40063,,4978
40063,01400,152
40063,03350,85
40063,11100,309
40063,22200,327
40063,29150,92
40063,35400,5934
40063,41250,118
40063,71050,192
40063,80500,1135
40063,82650,45
40065,,4150
40065,01700,18729
40065,06650,727
40065,22550,394
40065,23350,317
40065,55450,468
40067,,1387
40067,00450,83
40067,17350,110
40067,33000,104
40067,63350,869
40067,64600,667
40067,72900,280
40067,79250,1837
40069,,5048
40069,46300,728
40069,48400,252
40069,48500,293
40069,62000,464
40069,73900,3101
40069,78300,386
40071,,7519
40071,06600,6085
40071,08450,160
40071,38800,325
40071,51300,2172
40071,59850,24424
40071,74150,3015
40073,,6156
40073,12650,615
40073,21350,400
40073,33700,2151
40073,39850,4903
40073,44300,71
40073,54050,877
40073,58700,11
40075,,1934
40075,30350,174
40075,35000,3413
40075,43850,373
40075,49600,320
40075,49650,740
40075,63900,254
40075,68400,1301
40077,,6605
40077,25400,17
40077,62550,537
40077,81000,2285
40079,,21131
40079,02650,1806
40079,07450,396
40079,11300,323
40079,25400,300
40079,27150,335
40079,33400,2985
40079,36150,625
40079,42150,150
40079,56900,1269
40079,59750,4255
40079,60350,8807
40079,63600,717
40079,66550,972
40079,69350,2102
40079,72250,925
40079,81750,1031
40081,,21593
40081,00700,311
40081,12100,545
40081,13500,2858
40081,19350,809
40081,39150,87
40081,47450,1004
40081,60500,2354
40081,68950,122
40081,71000,2718
40081,74550,378
40081,79900,679
40083,,34184
40083,12650,235
40083,12960,405
40083,14500,155
40083,17950,350
40083,18250,1299
40083,31700,10749
40083,41550,1619
40083,46650,210
40083,47800,14
40083,49900,212
40083,56050,123
40085,,7027
40085,46500,2719
40085,73200,400
40087,,11600
40087,06700,6760
40087,10550,184
40087,16200,624
40087,20650,867
40087,29850,2694
40087,51150,10984
40087,61150,6651
40087,78700,673
40087,79300,625
40089,,17188
40089,09100,4228
40089,28700,177
40089,33150,291
40089,35030,242
40089,36750,6961
40089,48600,215
40089,68250,77
40089,76650,819
40089,82200,616
40091,,12952
40091,13650,3018
40091,24650,2766
40091,32350,102
40091,62950,103
40093,,3963
40093,01950,193
40093,15300,287
40093,25100,2740
40093,47750,198
40093,63450,401
40093,66250,0
40095,,9136
40095,39900,1431
40095,45750,3914
40095,53400,831
40097,,22695
40097,00250,732
40097,14300,2059
40097,20900,222
40097,41500,606
40097,43500,1371
40097,58050,101
40097,61000,9444
40097,64950,1085
40097,69050,350
40097,69400,317
40097,70750,64
40099,,5817
40099,19450,2823
40099,21200,199
40099,71350,5065
40101,,20243
40101,08150,161
40101,08400,270
40101,17550,108
40101,27200,3802
40101,32900,1626
40101,50050,36878
40101,55200,343
40101,60250,602
40101,71450,108
40101,72050,174
40101,77900,93
40101,78400,1593
40101,79650,338
40103,,4710
40103,06100,578
40103,46550,184
40103,49450,723
40103,58250,4484
40103,62650,245
40105,,4397
40105,19850,267
40105,42300,272
40105,51050,89
40105,52900,3517
40105,68600,683
40105,78250,95
40107,,5710
40107,07500,1091
40107,12750,169
40107,15050,41
40107,54200,3074
40107,56800,419
40107,79800,806
40109,,19907
40109,02550,169
40109,05700,20831
40109,14200,12182
40109,19900,21822
40109,23200,94428
40109,26850,1049
40109,32750,6245
40109,38350,2885
40109,40800,87
40109,44500,1492
40109,48350,58409
40109,51800,3870
40109,51850,2313
40109,55000,525970
40109,69200,3978
40109,73250,9538
40109,76500,665
40109,78500,10452
40111,,15961
40111,05000,1179
40111,20500,763
40111,31150,127
40111,33750,5640
40111,49400,1299
40111,55150,11315
40111,65900,422
40113,,23615
40113,03500,301
40113,04250,1034
40113,04450,8
40113,09950,123
40113,24850,1136
40113,35850,3329
40113,57600,2984
40113,60850,374
40113,65300,386
40113,67200,328
40113,67850,5950
40113,69300,65
40113,75000,5815
40113,82450,370
40115,,11490
40115,00600,734
40115,16500,2271
40115,24900,1106
40115,48000,12969
40115,52700,290
40115,58100,126
40115,61400,811
40115,82250,488
40117,,9170
40117,15350,3205
40117,32050,105
40117,37850,280
40117,46400,66
40117,57650,1936
40117,61650,266
40117,72850,77
40117,80250,448
40119,,19739
40119,18850,8327
40119,21750,70
40119,29400,499
40119,56050,7
40119,58150,3205
40119,63500,346
40119,70300,48394
40119,82500,1059
40121,,17684
40121,01150,220
40121,11450,143
40121,11990,94
40121,18550,306
40121,31900,716
40121,32850,1947
40121,36950,148
40121,40000,595
40121,40300,2083
40121,44800,18171
40121,59350,180
40121,61550,863
40121,65600,623
40123,,18248
40123,00200,16481
40123,01400,653
40123,10600,1393
40123,27650,244
40123,63750,632
40123,70500,414
40125,,23053
40125,03000,370
40125,05800,3029
40125,22500,594
40125,45350,4351
40125,45500,22
40125,46900,573
40125,55000,74
40125,59150,2091
40125,60500,2
40125,66800,31377
40125,72650,6302
40125,74400,337
40125,78200,279
40127,,7760
40127,02250,2221
40127,14900,555
40127,61950,276
40129,,2051
40129,13900,771
40129,32250,462
40129,63100,137
40129,71900,21
40131,,54774
40131,12900,5628
40131,13700,1991
40131,14700,19580
40131,16350,8
40131,27600,368
40131,37100,1890
40131,55750,1305
40131,56650,4138
40131,72200,258
40131,75000,44
40131,77050,5256
40133,,11020
40133,07950,357
40133,18450,238
40133,40200,1288
40133,46900,294
40133,65500,80
40133,66350,7146
40133,80550,3133
40135,,21310
40135,28350,251
40135,30300,951
40135,46450,186
40135,49000,38
40135,49850,3272
40135,57150,73
40135,63800,3316
40135,65000,8510
40135,77250,1374
40137,,11607
40137,08550,952
40137,13135,1181
40137,16450,1378
40137,21900,22692
40137,43450,99
40137,46600,4385
40137,76900,554
40139,,3876
40139,30200,951
40139,31750,12965
40139,32550,205
40139,36000,1802
40139,73100,856
40139,75750,729
40141,,1270
40141,19400,241
40141,27800,3468
40141,30850,919
40141,35550,35
40141,46150,171
40141,73850,864
40143,,35742
40143,06400,28423
40143,09050,93184
40143,16350,7873
40143,29600,13691
40143,37800,25949
40143,56650,34102
40143,65300,19488
40143,65400,107
40143,67850,2500
40143,69300,1050
40143,75000,407170
40145,,40166
40145,06400,186
40145,09050,20356
40145,12900,1812
40145,17800,9654
40145,54100,505
40145,60150,561
40145,74650,83
40145,75000,37
40145,77850,7621
40147,,9806
40147,04450,37282
40147,17100,710
40147,20550,3372
40147,53700,427
40147,61700,524
40147,76950,334
40149,,3405
40149,05650,182
40149,10250,1948
40149,11650,494
40149,15400,4
40149,16400,112
40149,17300,592
40149,20850,420
40149,27450,101
40149,51250,2775
40149,63700,128
40149,66400,763
40151,,2714
40151,01800,5028
40151,27850,174
40151,79350,708
40153,,6842
40153,27350,317
40153,49250,1178
40153,82150,12133
46003,,1223
46003,02860,22
46003,50020,781
46003,61700,321
46003,61940,6
46003,71180,394
46005,,3823
46005,10620,128
46005,29500,112
46005,31060,14263
46005,32020,62
46005,70140,190
46005,72540,459
46005,73020,112
46007,,2443
46007,41100,938
46009,,2254
46009,02900,586
46009,57940,785
46009,60660,1914
46009,62820,407
46009,64860,1057
46011,,6327
46011,02180,9
46011,02780,1047
46011,07580,23377
46011,07740,210
46011,18700,755
46011,67700,2113
46011,70940,537
46013,,7228
46013,00100,28495
46013,13420,160
46013,22860,215
46013,26340,1380
46013,27980,193
46013,62020,57
46013,68740,485
46013,70540,88
46015,,1969
46015,11220,2473
46015,33980,572
46015,52220,233
46017,,1948
46019,,3836
46019,04380,5617
46019,44860,584
46019,45180,206
46021,,668
46021,28340,416
46021,44020,69
46021,51260,224
46023,,5416
46023,15420,75
46023,23980,156
46023,35100,710
46023,49460,230
46023,50260,1296
46023,68020,1490
46025,,2369
46025,06660,65
46025,12180,1148
46025,71940,255
46027,,2734
46027,31940,191
46027,66700,11695
46027,68100,347
46029,,4634
46029,21820,337
46029,28140,256
46029,34340,163
46029,59940,189
46029,68420,91
46029,69300,22655
46031,,3175
46031,39940,111
46031,40020,569
46031,43860,47
46033,,5908
46033,15140,1919
46033,28300,382
46033,51940,109
46035,,3470
46035,20060,365
46035,43100,15660
46035,44100,461
46037,,2536
46037,01500,66
46037,07300,288
46037,26220,48
46037,49540,129
46037,56380,181
46037,69340,473
46037,69780,1728
46039,,2395
46039,02580,132
46039,06940,114
46039,12540,1218
46039,23860,240
46039,63740,196
46041,,3949
46041,17620,636
46041,32140,145
46041,63620,509
46043,,1423
46043,02260,698
46043,13980,561
46043,16060,153
46045,,2155
46045,06540,470
46045,30140,164
46045,31860,928
46045,55820,269
46047,,2736
46047,18300,725
46047,30220,3395
46047,46500,117
46049,,1152
46049,14580,96
46049,21260,826
46049,47460,51
46051,,3435
46051,05540,412
46051,34540,66
46051,42260,3544
46051,54220,99
46053,,1755
46053,06220,258
46053,08700,575
46053,15300,89
46053,20380,96
46053,26180,1221
46055,,1001
46055,42140,112
46055,49300,759
46057,,3197
46057,08060,471
46057,10500,698
46057,19980,749
46057,27820,393
46057,27940,102
46057,35460,554
46059,,1626
46059,42460,1349
46059,57180,163
46059,70140,7
46061,,2328
46061,00820,649
46061,19420,484
46063,,905
46063,08140,346
46063,09260,60
46065,,3231
46065,06180,342
46065,27420,101
46065,49600,14091
46067,,3141
46067,16620,137
46067,23020,1329
46067,41980,614
46067,46900,64
46067,48460,1567
46067,64020,575
46069,,580
46069,28980,682
46071,,2152
46071,04620,46
46071,31620,65
46071,33180,543
46073,,633
46073,01020,212
46073,35780,47
46073,70220,771
46075,,442
46075,44260,475
46077,,2245
46077,02180,906
46077,16260,1056
46077,19860,40
46077,32020,230
46077,35500,589
46077,46780,121
46079,,4528
46079,40220,6191
46079,52860,159
46079,70020,181
46081,,8558
46081,15700,1156
46081,36220,2982
46081,60020,12193
46081,71580,879
46083,,9513
46083,04980,368
46083,09500,3066
46083,20780,61
46083,27260,6732
46083,30740,311
46083,36380,2423
46083,59020,36162
46083,63100,5598
46083,72820,927
46085,,2451
46085,33580,281
46085,46180,386
46085,51820,472
46085,54020,128
46087,,2514
46087,07180,511
46087,09300,631
46087,24760,95
46087,43500,468
46087,47588,2
46087,57340,1325
46087,60060,136
46089,,1164
46089,20180,813
46089,36460,434
46091,,1893
46091,07380,1215
46091,12640,170
46091,18180,94
46091,33900,25
46091,35220,45
46091,35820,283
46091,45024,114
46091,62434,142
46091,66540,317
46091,70646,8
46093,,17124
46093,06620,4370
46093,20980,367
46093,49500,971
46093,62100,7020
46095,,1344
46095,71340,533
46095,72620,41
46097,,1234
46097,09420,89
46097,10220,127
46097,30460,848
46099,,16342
46099,03380,1246
46099,06840,11048
46099,13380,738
46099,14740,1362
46099,15980,3996
46099,23820,1228
46099,27540,3354
46099,30900,579
46099,58580,81
46099,59020,156355
46099,66260,885
46101,,2883
46101,13220,634
46101,18460,241
46101,21540,2372
46101,63940,206
46102,,13672
46103,,24614
46103,06620,7376
46103,29100,872
46103,33820,240
46103,45060,590
46103,52500,63
46103,52980,74703
46103,68380,699
46103,69140,65
46105,,1373
46105,05620,302
46105,36340,1160
46107,,989
46107,24260,1104
46107,30300,379
46109,,6219
46109,13940,69
46109,44820,234
46109,48940,180
46109,56340,379
46109,59260,2479
46109,62220,288
46109,71980,432
46111,,1411
46111,02380,129
46111,36620,159
46111,72700,631
46115,,3154
46115,02540,108
46115,13700,142
46115,16820,199
46115,22580,134
46115,41860,199
46115,53460,2214
46115,64300,211
46117,,865
46117,22260,2115
46119,,780
46119,47180,666
46121,,8163
46121,42940,1156
46123,,2318
46123,13300,331
46123,45100,54
46123,72180,2921
46125,,3779
46125,11060,918
46125,11380,300
46125,15540,54
46125,30980,379
46125,31940,227
46125,40860,849
46125,43380,159
46125,48380,1194
46125,67020,814
46127,,8513
46127,00700,820
46127,04980,1812
46127,18620,2149
46127,32700,475
46127,45700,3042
46129,,1134
46129,00540,77
46129,24620,112
46129,32460,121
46129,43180,3261
46129,58140,610
46135,,7170
46135,23900,382
46135,31940,4
46135,36540,115
46135,65780,70
46135,67780,158
46135,73060,15411
46137,,1791
46137,17620,622
47001,,77123
47003,,50237
47005,,15864
47007,,14913
47009,,135280
47009,77480,0
47011,,108620
47013,,39272
47015,,14506
47017,,28440
47019,,56356
47021,,30983
47021,02180,5193
47021,39660,2824
47021,57480,2072
47023,,17341
47025,,32043
47027,,7581
47029,,35999
47031,,57889
47033,,13911
47035,,61145
47037,04620,2901
47037,05140,2112
47037,27020,5038
47037,29920,11435
47037,52006,689447
47037,54780,4891
47037,63140,60
47039,,11435
47041,,20080
47043,,54315
47045,,36801
47047,,26335
47047,54920,8936
47047,58840,2263
47047,65240,1041
47047,69620,3415
47049,,18489
47051,,42774
47053,,50429
47055,,21949
47055,61040,8397
47057,,20571
47057,03760,2956
47059,,70152
47061,,13529
47063,,64499
47065,,366207
47067,,6662
47069,,25462
47071,,26831
47073,,56710
47073,03760,11
47075,,17864
47077,,27842
47079,,32199
47081,,24925
47083,,8283
47085,,18990
47087,,11617
47089,,54683
47091,,17948
47093,,478971
47095,,7005
47097,,25143
47099,,44159
47101,,12582
47103,,35319
47105,,48895
47105,43780,5991
47107,,53276
47109,,25866
47111,,25216
47113,,98823
47115,,28837
47117,,34318
47119,,100974
47121,,12758
47123,,46250
47125,,220069
47127,44382,6461
47129,,19668
47129,32520,0
47129,72140,519
47129,78100,848
47131,,30787
47133,,22511
47135,,8366
47137,,5001
47139,,17544
47141,,79854
47143,,32870
47145,,53404
47147,,72803
47149,,341486
47151,,21850
47153,,10469
47153,22000,5357
47155,,98380
47157,,107162
47157,01740,14549
47157,03440,57786
47157,16420,51324
47157,28960,41333
47157,40350,13904
47157,48000,633104
47157,49060,10582
47159,,16250
47159,11280,2291
47159,30120,1363
47161,,11831
47161,21400,1826
47163,,158163
47165,,90097
47165,28540,44431
47165,33280,61753
47167,,35997
47167,02340,10008
47167,17680,8663
47167,51540,6302
47169,32742,11615
47171,,17928
47173,,19802
47175,,6168
47177,,40953
47179,,133001
47181,,16232
47183,,32902
47185,,22353
47185,70180,4998
47187,,247726
47189,,147737
49001,,3480
49001,04060,3592
49003,,29230
49003,08460,19650
49003,47840,1090
49003,59390,5555
49003,69970,163
49003,84710,1978
49005,,16354
49005,37390,5234
49005,37500,9362
49005,44760,1939
49005,45860,52778
49005,50370,2326
49005,54660,7328
49005,54990,10986
49005,62360,8218
49005,63680,2914
49005,64120,2144
49005,69640,13571
49007,,8479
49007,34530,2112
49007,62030,8216
49007,82510,1605
49009,,794
49009,20780,141
49011,,26247
49011,07690,45762
49011,11980,16884
49011,13850,31909
49011,14290,23386
49011,24740,24531
49011,40360,32945
49011,43660,81773
49011,55210,21907
49011,71180,7867
49011,74810,32141
49011,82840,5917
49011,85370,11410
49013,,11261
49013,20340,1588
49013,64670,6747
49015,,8978
49015,31670,847
49017,,1391
49017,07470,227
49017,08787,336
49017,23750,786
49017,33760,132
49017,57740,1725
49017,77560,486
49019,,4303
49019,50700,5366
49021,,18907
49021,08020,151
49021,11320,35235
49021,58510,2996
49023,,2931
49023,24080,662
49023,51140,1750
49023,54220,6443
49025,,1937
49025,05534,449
49025,39920,4683
49025,57080,598
49027,,6408
49027,18910,3622
49027,25510,2592
49027,67880,353
49029,,8224
49029,51910,4071
49031,,1438
49033,,1908
49033,27930,602
49035,,907441
49035,00650,228
49035,08570,432
49035,53230,50637
49035,67000,199723
49035,71070,26777
49037,,9060
49037,06370,3394
49037,06700,240
49037,51580,1824
49039,,8859
49039,11870,1341
49039,23530,5611
49039,24630,1203
49039,32660,3509
49039,47730,3429
49039,48720,556
49039,53010,3655
49039,72940,274
49041,,5970
49041,02740,984
49041,41680,244
49041,51360,2515
49041,63240,762
49041,63570,8201
49041,65880,2441
49041,68650,405
49043,,33979
49043,58070,8378
49045,,10194
49045,23640,3673
49045,31120,12617
49045,72720,9851
49045,73050,621
49045,76680,35742
49047,,23261
49047,53560,2280
49047,80090,10079
49049,,30215
49049,00540,10251
49049,01310,33337
49049,11440,10019
49049,20810,43623
49049,35190,19348
49049,44320,75907
49049,45090,11397
49049,47950,11365
49049,57300,98129
49049,58730,21101
49049,60930,37726
49049,62470,115162
49049,67770,13710
49049,67825,37696
49049,71290,42602
49049,72280,35268
49049,80420,12543
49051,,11808
49051,34200,16856
49051,37690,121
49051,49820,6003
49053,,10752
49053,35300,1127
49053,37170,20036
49053,38710,8978
49053,43440,4354
49053,44100,864
49053,64560,226
49053,65330,95342
49053,67660,7553
49053,71840,514
49053,76900,1870
49053,80530,670
49053,81960,27993
49055,,1258
49055,05490,323
49055,33100,158
49055,45530,516
49055,77010,231
49057,,252307
49057,37060,573
49057,64010,9343
50001,,24382
50001,08950,1936
50001,21700,426
50001,40000,266
50001,44275,7304
50001,48550,245
50001,67150,251
50001,74650,2553
50003,,18970
50003,01375,1249
50003,04750,8795
50003,17650,360
50003,20350,296
50003,42700,783
50003,42925,2145
50003,49075,1716
50003,51325,303
50003,53125,156
50003,56950,548
50003,57100,437
50003,58525,297
50003,68200,681
50003,69700,467
50003,70825,144
50005,,30233
50007,,68870
50007,06475,23
50007,06700,295
50007,10675,44743
50007,19975,169
50007,24400,10590
50007,31600,62
50007,33400,872
50007,34525,535
50007,34675,156
50007,36625,1333
50007,45175,3804
50007,59200,853
50007,62046,498
50007,64225,6178
50007,66175,20292
50007,74050,142
50007,74125,643
50007,79335,169
50007,80275,99
50007,85150,7997
50009,,5920
50011,,36431
50011,02425,347
50011,24025,1356
50011,24850,865
50011,33175,361
50011,33325,77
50011,59050,1304
50011,61675,6877
50011,71650,2328
50013,,7293
50015,,19962
50015,11425,210
50015,34975,410
50015,36475,750
50015,37000,1332
50015,46825,2086
50015,50725,403
50015,70450,616
50015,85300,176
50017,,29277
50019,,27393
50021,,29469
50021,05125,269
50021,07675,1727
50021,11875,1337
50021,12062,699
50021,14275,136
50021,16750,200
50021,22300,288
50021,25450,2225
50021,37750,861
50021,44725,194
50021,49450,395
50021,54175,194
50021,55525,805
50021,56800,1079
50021,57246,1565
50021,61225,15807
50021,75850,818
50021,77875,386
50021,82150,220
50021,82375,1898
50023,,32462
50023,03175,8491
50023,11050,235
50023,19075,811
50023,21850,107
50023,29425,717
50023,43525,229
50023,46000,8074
50023,50200,3757
50023,55750,424
50023,66025,1193
50023,75250,330
50023,76900,1897
50023,77050,390
50023,77800,570
50023,86050,120
50025,,28946
50025,01035,186
50025,04225,2747
50025,07975,7352
50025,13860,263
50025,28825,49
50025,32050,92
50025,36025,213
50025,36100,174
50025,40150,180
50025,48325,87
50025,52375,262
50025,57625,571
50025,62950,479
50025,67225,147
50025,70825,191
50025,73225,199
50025,76150,70
50025,78850,2803
50025,79750,77
50025,81325,287
50025,83875,91
50025,84625,439
50027,,35567
50027,01750,529
50027,05725,670
50027,12175,246
50027,13600,1132
50027,32205,754
50027,32350,379
50027,41200,773
50027,50500,321
50027,51925,694
50027,52825,905
50027,54850,108
50027,57400,451
50027,57775,831
50027,60025,321
50027,68050,654
50027,69250,109
50027,69475,4189
50027,81925,77
50027,83125,401
50027,83575,2532
50027,84025,3071
50027,85000,2139
50027,85900,900
51001,,33413
51003,,112395
51005,,15223
51007,,13265
51009,,31307
51011,,16119
51013,03000,238643
51015,,77487
51017,,4209
51019,,79462
51021,,6270
51023,,33596
51025,,15849
51027,,20355
51029,,16824
51031,,55696
51033,,30887
51035,,29155
51036,,6773
51037,,11529
51041,,364548
51043,,14783
51045,,4892
51047,,52552
51049,,9675
51051,,14124
51053,,27947
51057,,10599
51059,,1150309
51061,,72972
51063,,15476
51065,,27249
51067,,54477
51069,,91419
51071,,16787
51073,,38711
51075,,24727
51077,,15333
51079,,20552
51081,,11391
51083,,34022
51085,,109979
51087,,334389
51089,,50948
51091,,2232
51093,,38606
51095,,78254
51097,,6608
51099,,26723
51101,,17810
51103,,10919
51105,,22173
51107,,420959
51109,,37596
51111,,11936
51113,,13837
51115,,8533
51117,,30319
51119,,10625
51121,,99721
51125,,14775
51127,,22945
51131,,12282
51133,,11839
51135,,15642
51137,,36254
51139,,23709
51141,,17608
51143,,60501
51145,,30333
51147,,21849
51149,,43010
51153,,482204
51155,,33800
51157,,7348
51159,,8923
51161,,96929
51163,,22650
51165,,83757
51167,,25781
51169,,21576
51171,,44186
51173,,29800
51175,,17996
51177,,140032
51179,,156927
51181,,6561
51183,,10829
51185,,40429
51187,,40727
51191,,53935
51193,,18477
51195,,36130
51197,,28290
51199,,70045
51510,01000,159467
51520,09816,17219
51530,11032,6641
51540,14968,46553
51550,16000,249422
51570,18448,18170
51580,19728,5737
51590,21344,42590
51595,25808,5766
51600,26496,24146
51610,27200,14658
51620,29600,8180
51630,29744,27982
51640,30208,6720
51650,35000,137148
51660,35624,51814
51670,38424,23033
51678,45512,7320
51680,47672,79009
51683,48952,42772
51685,48968,17219
51690,49784,13485
51700,56000,186247
51710,57000,238005
51720,57688,3687
51730,61832,33458
51735,63768,12460
51740,64000,97915
51750,65392,16070
51760,67000,226610
51770,68000,100011
51775,70000,25346
51790,75216,25750
51800,76432,94324
51810,82000,459470
51820,83680,22196
51830,86160,15425
51840,86720,28120
53001,,10297
53001,52215,8549
53001,58725,1767
53003,,15124
53003,12630,7161
53005,,36556
53005,05560,3479
53005,35275,83921
53005,56450,6062
53005,58235,60560
53005,77665,16295
53007,,33833
53007,10495,3248
53007,11615,4222
53007,38845,2263
53007,77105,35508
53009,,49171
53009,55365,19960
53009,63385,8024
53011,,233054
53011,04475,20743
53011,09480,26065
53011,36710,3424
53011,58410,10319
53011,74060,190915
53011,76405,17039
53011,79625,84
53011,79975,1668
53013,,1504
53013,16970,2448
53015,,48340
53015,10565,2446
53015,34645,2959
53015,35065,12720
53015,40245,37818
53015,79625,6447
53017,,23700
53017,07870,2141
53017,15115,200
53017,20155,14158
53017,42800,326
53017,59180,1279
53017,76510,1134
53019,,7178
53021,,13668
53021,14485,5441
53021,34575,147
53021,45180,385
53021,53545,77108
53023,,2286
53025,,58693
53025,15115,0
53025,22080,8477
53025,26455,809
53025,27855,972
53025,44165,3335
53025,47245,25146
53025,65345,1691
53027,,48470
53027,00100,17013
53027,21450,3438
53027,50570,6715
53029,,61088
53029,38355,1147
53029,50360,24622
53031,,22829
53031,55855,10148
53033,,653958
53033,01290,3290
53033,06330,4697
53033,08850,52066
53033,10215,2158
53033,15290,20777
53033,17635,32888
53033,19035,8034
53033,22045,12543
53033,23515,101030
53033,33805,40051
53033,35415,136588
53033,35940,92175
53033,37270,13630
53033,43150,28013
53033,44725,2915
53033,49485,7461
53033,57535,73256
53033,57745,106785
53033,62288,31454
53033,63000,737015
53033,63960,58608
53033,64855,161
53033,65205,14121
53033,72625,21798
53033,79590,13069
53033,80150,1134
53035,,223224
53035,03736,24825
53035,55785,15587
53035,55995,11975
53037,,23514
53037,12945,2157
53037,21240,18666
53039,,16019
53039,06085,778
53039,27435,3453
53039,78330,2485
53041,,54639
53041,11160,18183
53041,11475,7439
53041,47980,1888
53043,,10876
53045,,55355
53045,63735,10371
53047,,25943
53047,07835,1983
53047,14310,193
53047,15115,1011
53047,21485,239
53047,48540,180
53047,50920,2379
53047,51340,4860
53047,51970,1795
53047,53720,593
53047,58795,329
53047,71890,1103
53047,73080,992
53047,79380,504
53049,,21677
53049,40070,1688
53051,,13401
53053,,447359
53053,07170,22487
53053,08570,5114
53053,09970,734
53053,18965,10151
53053,20260,2845
53053,20645,12327
53053,22045,0
53053,23795,10999
53053,23970,7156
53053,26735,12029
53053,38038,63612
53053,52005,9041
53053,56695,42973
53053,60160,816
53053,60510,1055
53053,66045,373
53053,67770,6727
53053,68435,10621
53053,70000,219346
53053,73465,34866
53053,78925,499
53055,,15175
53055,25615,2613
53057,,52606
53057,01990,17637
53057,08920,9152
53057,14380,801
53057,29255,299
53057,36780,965
53057,40770,423
53057,47560,35219
53057,63210,12421
53059,,10545
53059,67875,1491
53061,,386921
53061,02585,19868
53061,07940,6560
53061,16690,1462
53061,20750,42853
53061,22640,110629
53061,27365,2403
53061,27995,4450
53061,33175,155
53061,37900,35630
53061,40840,38568
53061,43955,70714
53061,45865,20926
53061,46685,19699
53061,47490,21286
53061,47735,21538
53061,65170,10126
53061,67455,7705
53061,68260,5146
53061,79835,1318
53063,,158524
53063,00905,10757
53063,11825,13255
53063,17320,4383
53063,22990,589
53063,38495,185
53063,39335,12003
53063,44690,4874
53063,45985,1881
53063,59145,522
53063,66290,280
53063,67000,228989
53063,67167,102976
53063,76720,121
53065,,46445
53067,,144856
53067,08605,600
53067,36745,53526
53067,51300,55605
53067,57220,2369
53067,70630,1870
53067,72905,25350
53067,80220,10617
53069,,4422
53071,,17084
53071,13855,9902
53071,56240,372
53071,75565,1166
53071,75775,34060
53073,,92742
53073,05280,91482
53073,06505,5884
53073,22745,2888
53073,23620,15048
53073,40805,15749
53073,49275,1471
53073,68330,1583
53075,,15072
53075,56625,32901
53077,,118421
53077,63280,8153
53077,68750,16375
53077,71400,1389
53077,71960,8854
53077,73290,6568
53077,80010,96968
54001,,15465
54003,,103299
54003,52060,18777
54005,,21638
54005,78964,171
54007,,12447
54009,,15820
54009,28204,2848
54009,85156,3891
54011,,44012
54011,04276,4456
54011,39460,43071
54011,54484,2811
54013,,6229
54015,,7655
54015,15676,396
54017,,7155
54017,86116,653
54019,,26707
54019,01996,1303
54019,27028,2887
54019,55468,662
54019,60028,8179
54019,74740,750
54021,,6279
54021,32044,1129
54023,,8692
54023,62956,2284
54025,,25526
54025,00772,858
54025,46636,3922
54025,66412,222
54025,70156,1572
54025,70828,877
54027,,20949
54027,13108,420
54027,70084,1724
54029,,10595
54029,15076,2208
54029,58372,1020
54029,85156,15272
54031,,11506
54031,55588,2524
54031,84580,269
54033,,36190
54033,01900,513
54033,10180,9336
54033,15628,16061
54033,59836,1493
54033,73636,2328
54035,,20847
54035,67108,3865
54035,68596,3079
54037,,42898
54037,08932,1036
54037,14610,6534
54037,35284,269
54037,66988,5433
54037,73468,1531
54039,,93770
54039,14600,48864
54039,22564,7480
54039,55468,613
54039,59068,5506
54039,71212,10861
54039,74740,4
54039,75292,13647
54041,,13081
54041,85972,3952
54043,,20463
54045,,29336
54045,14524,1020
54045,48148,1439
54045,50932,772
54047,,15521
54047,85228,3590
54049,,35137
54049,26452,18416
54049,51100,1952
54049,86620,700
54051,,22155
54051,56020,8093
54051,86452,343
54053,,25453
54055,,42896
54055,03292,962
54055,08524,9658
54055,09796,276
54055,65692,5872
54057,,26938
54059,,23568
54061,,70165
54061,32932,1355
54061,55756,30347
54061,85996,3955
54063,,12259
54063,00772,117
54065,,15900
54065,04876,753
54065,62332,410
54067,,19513
54067,68116,1660
54067,77980,3431
54069,,15716
54069,86452,26709
54071,,5648
54071,29044,495
54073,,5822
54073,71356,1831
54075,,6871
54075,51676,998
54077,,27984
54077,10852,63
54077,44044,2980
54077,52228,510
54077,67636,530
54077,70588,438
54077,79708,1415
54077,81268,296
54079,,46968
54079,39532,6961
54079,59068,1118
54079,87988,2393
54081,,56175
54081,05332,17286
54081,75172,1130
54083,,20998
54083,24580,6934
54085,,5538
54085,24844,221
54085,35428,1631
54085,62764,1054
54087,,11965
54087,75820,2063
54089,,9714
54089,37636,2245
54091,,11983
54091,32716,4722
54093,,5551
54093,20428,600
54093,80020,611
54095,,5351
54095,53572,717
54095,61636,833
54095,74380,1412
54097,,18630
54097,11188,5186
54099,,33768
54099,39460,3771
54099,84940,1443
54101,,8378
54103,,6912
54103,39340,255
54103,58684,5204
54103,61636,1708
54103,63892,363
54105,,4470
54105,24364,724
54107,,40909
54107,62140,29738
54107,83500,10652
54107,87556,2997
54109,,20737
54109,63940,645
55001,,20549
55001,88150,105
55003,,16027
55005,,46711
55007,,16217
55007,03225,3
55009,,268740
55011,,13317
55013,,16526
55015,,52442
55017,,66297
55019,,34659
55021,,58490
55023,,16113
55025,,561504
55027,,89396
55029,,30066
55031,,44295
55033,,45440
55035,,105710
55037,,4558
55039,,104154
55041,,9179
55043,,51938
55045,,37093
55047,,19018
55049,,23709
55051,,6137
55053,,21145
55055,,84900
55057,,26718
55059,,169151
55061,,20563
55063,,120784
55065,,16611
55067,,19491
55069,,28415
55071,,81359
55073,,138013
55075,,41872
55077,,15592
55078,,4255
55079,,362267
55079,53000,577222
55081,,46274
55081,60075,0
55083,,38965
55085,,37845
55087,,190705
55089,,91503
55091,,7318
55093,,42212
55095,,44977
55097,,70377
55099,,14054
55101,,197727
55103,,17304
55105,,163687
55107,,14188
55109,,93536
55111,,65763
55113,,18074
55115,,40881
55117,,118034
55119,,19913
55121,,30760
55123,,30714
55125,,23047
55127,,106478
55129,,16623
55131,,136761
55131,53000,0
55133,,406978
55133,53000,0
55135,,51812
55137,,24520
55139,,171730
55141,,74207
56001,,37066
56003,,11521
56005,,47026
56007,,14537
56009,,13751
56011,,7181
56013,,39234
56015,,12498
56017,,4621
56019,,8447
56021,,100512
56023,,19581
56025,,20917
56025,13150,59038
56027,,2467
56029,,29624
56031,,8605
56033,,30921
56035,,8728
56037,,42272
56039,,23331
56041,,20450
56043,,7685
56045,,6838
