state_code,effective_from,rate
AR,2022-01-01,0.065000
GA,2022-01-01,0.040000
IA,2022-01-01,0.060000
KS,2022-01-01,0.065000
MN,2022-01-01,0.068750
NC,2022-01-01,0.047500
ND,2022-01-01,0.050000
NE,2022-01-01,0.055000
NY,2022-01-01,0.040000
OH,2022-01-01,0.057500
OK,2022-01-01,0.045000
SD,2022-01-01,0.045000
SD,2023-07-01,0.042000
TN,2022-01-01,0.070000
UT,2022-01-01,0.048500
VA,2022-01-01,0.043000
VT,2022-01-01,0.060000
WA,2022-01-01,0.065000
WI,2022-01-01,0.050000
WV,2022-01-01,0.060000
WY,2022-01-01,0.040000
